date,title,contents
2017-04-16,"
[질문]
					
					이란여행 후 미국 esta 비자신청
					

","
				이번에 이란을 3주 여행하고 왔습니다,9월에 캐나다를 가는데, 미국을 경유하는 비행기가 저렴해서 미국을 잠시 경유해야 하는데, esta비자 결격 사유가 될까요?
"
2017-04-16,"
[질문]
					
					필리핀 여행
					
30

","
				제가 필리핀 세부로 여행가요!여행갈때 꼭 필요한 준비물과세부나 필리핀에서 꼭사야하는 물품좀 알려주세요!내공 적지만 30 겁니당~부탁드려요!욕설&비방시 신고
			"
2017-04-13,"
[질문]
					
					미서부여행+하와이
					
40

","
				안녕하세요. 저번에도 서부일정관련해서 질문드렸었는데 여행일정에 추가하고싶은것이 생겨 연락드렸습니다.원래 제 여행경로는 LA 인 샌프란 아웃으로 1월 말에 2주동안 LA-라스베이거스-샌프란 을 도는 일정이었습니다. 그런데 제가 오래전부터 가고싶었던 하와이를 추가하고싶어서 몇가지 궁금점을 질문하려합니다.1. 하와이안 항공을 통해 하와이스탑오버가 가능하다고 들었습니다. 그렇게하려면 인아웃을 어떻게 설정해야하죠?? 그리고 스탑오버는 항공사에 전화해서 따로 신청을 해야하나요?(스탑오버는 한국으로 돌아갈때 할예정입니다)2. 일행과 저 둘다 운전경험이없어서 렌트카를 빌리기 어려운 상황입니다. 와이키키해변, 스카이다이빙, 아울렛쇼핑 정도 생각하는데 렌트가 없이 괜찮을까요?? 도착해서 짐풀고 이것저것하면 2박3일은 좀 부족할거같아서 3박4일 생각중인데 적절한기간일지도 궁금합니다. 3. 만약 스탑오버가 어렵거나 안된다면미서부에서 하와이 왕복권 vs 하와이 아웃으로 설정 중에 어떤것이 더 나을까요?
			"
2017-04-16,"
[질문]
					
					태국 파타야 패키지 3박 5일 여행 환전 문의
					
70

","
				태국 파타야 3박 5일로 패키지 여행갈 예정입니다. 가족여행으로 총 5명입니다.달러랑 바트 환전해가려고 하는데1인당 얼마로 잡고 환전해가면 될까요?감을 못잡겠네요 ㅜㅜ대략적으로라도 평균치 알려주시면 감사하겠습니다!
"
2017-04-18,"
[질문]
					
					미국 여행 코스 질문합니다!
					

","
				미국 여행 코스 질문합니다!한두달 다녀올 계획인데요처음엔 뉴욕에만 머무를 생각이었는데 기간이 긴것 같아 뉴욕 주변 여행지 추천해주세요.대중교통으로 갈수 있는곳이면 더욱 좋을거 같아요
			"
2017-04-15,"
[질문]
					
					유럽여행 (급해요)내공100
					
100

","
5월초에 유럽여행을 일주일정도 가려고합니다출발은 뉴욕 jfk 에서 출발할거구요루트는 스위스-파리-바르셀로나 로 생각하고있는데 이동수단과 가격 등혹은 더좋은방법이 있다면 좀알려주세요, 엄마 저 동생 셋이이동할껀데 이동수단이 뭐가좋을지모르겠네요여행계획을 짜본적이없고 유럽에 대한지식도 부족해 갔을때 무엇을 봐야할지 등 모르겠습니다도와주세요
"
2017-04-12,"
[질문]
					
					세부자유여행
					

","
				세부여행일정을어떻게짜는게좋을까요!?여자4명에서 3박4일일정으로가기로햇거듬요 ㅠㅠ
			"
2017-04-14,"
[질문]
					
					오키나와 후쿠오카 오사카 여행비교
					
100

","
7월 초쯤 예상하고있구요어른둘에 5살아이한명여행가려고합니다해외여행은 처음인데일본으로 가려고해요저세곳중 어디가 가장 나을까요?아이와여행하기?경비는 어디로가야 그나마 조금 덜나오려나요 거기서 거기겠지만...오사카는 물가가 비싸다고들었어요그리고 해외여행갈때 필수품이라던데 꼭 챙겨야하는 팁같은게 있나요?일본여행할때..아...궁금한게 너무많네요!ㅠㅠㅠㅠㅠㅠㅠㅠㅠㅠㅠㅠ
"
2017-04-17,"
[질문]
					
					남자혼자 서울일주일여행
					

","
				안녕하세요 지식인님 이제군대를가야되서 좀 새로운경험도하고싶고해서 서울에혼자여행을가고싶습니다촌놈이라 서울에서 보람잇게 일주일보내고싶은데 좋은곳좀알려주세요ㅎㅎ

"
2017-04-12,"
[질문]
					
					요세미티 여행
					
50

","
				4월 16-17일 #요세미티 여행을 계획하고 있습니다. 샌프란시스코에서 차 렌트해서 가려고 하고 숙소는 #요세미티밸리 에 잡았는데, 지금 시기에는 개방을 하지 않는 곳도 있는 것 같더라고요. #날씨 를 검색해봐도 차이가 좀 나는 여러 데이터가 있어서혹시 그곳 날씨 및 추천 코스 알려주시면 감사하겠습니다^^
			"
2017-04-14,"
[질문]
					
					홍콩 반나절 여행 문의드려요!!
					

","
				안녕하세요^^휴가철에 취리히로 가는데 홍콩을 경유하게 되서요.<입국>인천-홍콩-아부다비-취리히<출국>취리히-아부다비-홍콩-인천인데요1.입국시에는 홍콩 17시간대기해요근데 아마 새벽2시에 도착해서 그날 7시 비행기라 홍콩을 경유하더라두 반나절밖에 여행을 못할 것 같은데혹시 추천해주실 코스있을까요? 2.홍콩 공항철도에서 얼리체크인이 가능하다고 들었는데 혹시 에티하드 항공도 가능한가요? 원래 인천에서 취리히까지 수화물을 쭉 부치려고 했는데 아는 분이 그럴경우 분실될 위험도 있다고 홍콩에서 짐을 찾으라고 하셔서요.그럴 경우 숙소에서 아침에 나오자마자 수화물때문에 얼리체크인 하고나서 시내 구경하려고 하는데 가능할까요?3.출국시에도 홍콩에서 7시간 반정도 대기하는데요.원래는 대기 시간이 애매하다고 생각해서 그냥 공항에서 있을려고 했는데 어떤 분이 경유 시간이 8시간인데도 문의드린거 보고 제 일정도 혹시 공항밖에 나가기 충분한지 궁금해서 여쭤봐요. 출국시에는 아침 10시에 도착해서 오후5시에 출발이예요!질문이 너무 많죠ㅜㅠ정말 죄송합니다. 그런데 물어볼데두 마땅치 않아서 조언해주신다면 정말 너무너무 큰 도움이 될 것 같아요. 가족끼리 첫해외여행이라 좋은 추억 많이 만들고 싶어서요ㅠ
			"
2017-04-16,"
[질문]
					
					기차 여행
					
100

","
안녕하세요 기차 여행을 계획하고 있는 대학생입니다.최근 봄 분위기가 확 다가와서 모처럼 여행을 떠나보려 하는데요.여행들 중에서 기차를 타고 여행을 가는 것도 좋아 보여 질문을 남깁니다.저희 어머니와 같이 주말에 기차 여행을 가보려 하는데요추천하고 싶은 여행지, 먹거리, 관광지 등 많은 것을 알려주세요!!어머니의 기억속에 오래오래 남을만한 추억을 드리고 싶습니다.알려주세요!!P.S 모든 여행 경비는 어머니께서 책임지신다 하시더라구요(Cool~)하지만 너무 비싸고 거품이 많은 것처럼 느껴지는 건 사양할게요ㅠ많은 추천 해주세요!!
"
2017-04-18,"
[질문]
					
					신혼여행 박람회 어쩌죠?
					
50

","
				신혼여행 박람회 통해서 갈까 하다가 신혼여행 박람회 말고도 좀 더 알아보기로 했는데신혼여행 박람회 대신해서 알아볼 만한 괜찮은 곳 있다면 저에게도 알려주세요!
			"
2017-04-08,"
[질문]
					
					푸켓 3박5일여행
					

","
				저 4월 24일 출발해서 28일에 들어오는 일정으로 자유여행 계획중인데요 뭐부터 어찌해야 할지 모르겠어서요엄마 남동생 저 이렇게 세명인데요전에 저나 엄마는 패키지여행으로 푸켓을 다녀온적이있어요그래서 사원이나 팡아만 카누 게이쇼등은 보고싶지않아서자유여행을 계획중입니다
			"
2017-04-17,"
[질문]
					
					푸켓 자유여행중 투어를 계회중입니다
					
50

","
				안녕하세요이번에 푸켓자유여행을 계획중입니다에어텔은 하나투어에서 예약한 상태입니다일정동안 투어를 계획중인데 하나투어에서 자유투어도 하더군요현지여행사들도 여러투어일정도 있고 가격이나 질 면에서 둘중어떤게 좋을지 아시는분들 조언부탁드립니다참고로 저는 방타오 쪽 리조트입니다이쪽에서 가볼만한곳도 추전좀부탁드려요
			"
2017-04-18,"
[질문]
					
					푸켓신혼여행 확실히??
					
50

","
				푸켓신혼여행을 가려고 하는데 푸켓신혼여행 정보를 찾아보는데 고민이 많아요~최대한 안전하게 푸켓신혼여행 가고 싶은데 괜찮은 곳 있을까요? 도움좀 주세요!
			"
2017-04-17,"
[질문]
					
					국외여행인솔자 (해외여행가이드) 질문
					
100

","
				제가 중3이라 자소서를 써야하는데요ㅜㅜㅜ부모님이랑 저랑 전부 진로를 그 쪽으로 가길 원하는데국외여행인솔자는 따로 대학을 가야하나요?그렇다면 어디로 가야하는지 어느 학과가 있는지 알려주세요ㅜㅜ그리고 고등학교는 일반고로 가도 되겠죠?
"
2017-04-11,"
[질문]
					
					유럽여행.
					
20

","
				사람들은 유럽으로 배낭여행을 많이간다고하는데 왜 하필 유럽으로 가는것인가요?우리와 서양의 다른점좀 알려주세요 문화유산이나 자연관경은 많아요?그리고 영어잘하나요?
"
2017-04-11,"
[질문]
					
					일본여행에서 받은 운세에요
					

","
				일본여행에서 받은 운세에요해석좀 부탁드립니다^^
"
2017-04-14,"
[질문]
					
					세부 보홀섬 is 테러 터졌는데 여행취소해야하나요
					
75

","
				엊그제 세부랑붙어있는 보홀섬 is테러가 발생해서 9명이 숨졌다는데5월 10일쯤 세부패키지여행이있는데취소해야될까요ㅠㅠ 테러를 오랫동안하나요
			"
2017-04-09,"
[질문]
					
					러시아 여행
					
100

","
				6월달에 블라디보스톡에서 시베리아 횡단열차를 타고 모스크바를갔다 상트페테부르크를 가려고 계획중입니다.러시아여행준비는 어떻게 해야하죠?비용은 150만원정도로 예상중인데 이정도로는 충분한가요?16박17일정도로 생각중인데 이기간동안 다 돌아볼수있나요?러시아횡단열차표를 한국에서 사서 가야하나요. 러시아가서 사야하나요?도시들 관광하는데 몇일정도 소요가되죠?
"
2017-04-10,"
[질문]
					
					여행가이드 하고싶은데요
					

","
				억울하게 성범죄기록있습니다(성추행인데 벌금100만원냈습니다).돈뜯어내려고 처음보는여자한테 있지도않은일로 협박당해 합의안보고 재판당한적이있거든요. 암튼 뭐 이일이 억울하던간에 전 제 일을 찾아서 살아야하니 하고싶은일이 여행 가이드가 되고싶더라구여 그것도 일본... 준비해볼까하는데 이 전과가 있으면 불가능한지 알고싶습니다 ㅠ
			"
2017-04-08,"
[질문]
					
					네덜란드 무전여행 침낭 추천 부탁드려요
					
100

","
인생이 허무한 20살 고졸 히키였습니다우연히 보게 된 덴마의 지로를 보고 저도 초등학교때의 철없으리만치 순수했던 무전여행. 무모하지만 생애 첫 홀로 세계여행을 해보려 합니다말그대로 노숙을 할 일이 많을 것 같은데 일단 루트는 네덜란드 독일 스위스쯤으로 계휙중인데 침낭은 어떤 녀석을 선택해야 할까요?매ㅐ트리스가 더 나을까요ㅕ? 기간은 다음주쯤 출발해서 1~2달 정도로 생각중이구요 키는 174정도에 가격대는 왠만하면 2~4만원대로 맞춰주셨으면 정말 감사할것 같습니다.꼭 침낭뿐 아니라 무전 여행에 적합할 그런 노숙도구? 추천해 주시면 즉시 채택해드리겠습니다고마워요 스피드웨건!
"
2017-04-09,"
[질문]
					
					삼척여행코스추천좀해주세요
					
100

","
				제가 이번에 아버지랑 형이랑 셋이서 삼척여행을 가게 되었는대요 장호항쪽에 펜션까지는 예약을 해놨는데요 어디어디 가야할지 몰라서 질문드립니다. 레일바이크는 예약이 꽉차서 못갈꺼같구요 유체꽃 축제도 하는것 같군요 아버지가 회를 좋아하셔서 해산물 맛집이랑 볼거리 추천좀 해주세요~
			"
2017-04-18,"
[질문]
					
					미국 여행가는데 항공권출력 꼭 미리 해야하는지요
					
30

","
미국 여행가는데요제가 비행기표를 구매한게 아니라 다른분께서 해주셔서요그냥 여권만 있어도 비행기 티켓 발급 받을 수 있는지요...
"
2017-04-07,"
[질문]
					
					세부 7박8일 여행일정!
					

","
				4/27일 출발 ~ 5/5일 도착 도착 당일 1박 - 엘로이사 3박 - 크림슨 3박 뫼벤픽 우선 일정을 짜야하는데 아직 암것도 못하고있습니다!좀 도와주세요! 참고로 27개월 아가와 함께하는 여행입니다!
			"
2017-04-17,"
[질문]
					
					동유럽여행
					
50

","
				2주정도 오스트리아와 크로아티아를 여행하려고 합니다 여행일정과 견적을 받아볼수있을까요?
			"
2017-04-05,"
[질문]
					
					세부 자유여행.
					

","
				패키지 여행만 가다가 이번에는 자유여행을 계획중입니다. 세부에있는 리조트에 숙소로 하고 싶은데. (플렌테이션, 크림슨. 제이파크 중 한곳) 그러면 리조트에서 식사는 매번 사먹어야 하는지. 그리고 마사지, 호핑등... 이란것은 어떻게 하는지 궁금합니다.가격이나 예약 방법등도... 3박정도 예정 입니다.
			"
2017-04-19T10:40,"
[질문]
					
					제주도 가족여행
					
50

","
				처음으로 8살된 아들과 집사람 셋이서 제주도로 여행을 갈까합니다 일정은 한 3박4일정도구요 그런데 막상 비행기 티켓과 숙소 렌터카까지 어떻게 예약해야할지 막막하네요ㅜㅜ 이것도 여행사에 알아봐야하나요 아님 개인적으로 알아보는게 나을까요?
			"
2017-04-03,"
[질문]
					
					제주3박4일 여행
					

","
				제주여행을 하려고 하는데요 보통 렌터카 빌려서 하던데 일행포함 운전을 못해요 운전 못하는 사람들이 할수있는 여행코스 부탁드립니다
			"
2017-04-04,"
[질문]
					
					홍콩 자유여행
					
50

","
				안녕하세요 저는 5월 22일에서 25일 사이로 홍콩 자유여행을 계획중인데 시간이 촉박하여 항공권은 어떻게 예매를 할수있을거같은데 숙박과 교통편은 알아보기가 버겁네요...성인두명에 디즈니랜드,피크트램타보기,빅토리아야경레이저쇼? 가보고 싶은건 이게 다이고 이곳으로 이동을 하면서 중간에 보이는 곳을 걸으면서 구경할려면은숙박잡을곳과 옥토퍼스 충전금액을 어느정도로해야할지.. 막막해서 글을 남겨봅니다~~^^;;
			"
2017-04-13,"
[질문]
					
					혼자 부산여행 하는데..
					
30

","
				금토 혼자 1박2일로 부산 여행할건데 일단 10시쯤 부산역에 내려서 돼지국밥을 먹고 ㅎ 168계단가고 감천문화마을 가고 송도해안 산책로갔다가 마지막 깡통시장가려는데 하루안에 갈 수있나요?2일날은 해운대쪽으로 넘어가려구요감천문화마을은 요즘 사람많나요? 몇시쯤 가는게 시람없을까요? 아니면 부산에 더 좋은곳 있으면 추천해주세요게스트하우스도 좋은 곳 있나요?
			"
2017-04-01,"
[질문]
					
					세부 4박5일 자유여행
					

","
7월에 세부로 4박 5일 자유여행을 가려고하는데요,세부는 이번이 처음이라숙소 및 관광지, 볼거리(행사), 먹을 거리 등간단한 여행 루트 조언 부탁드려요~
"
2017-04-18,"
[질문]
					
					일본여행을 가는데요~
					

","
				7박 8일동안 여행을 하게되는데요 여행할때 JR패스를 사야하는지 좀 알려주세요.. 그리고 그거에 대한 확실한 이유를 알고싶어요 (돈의 차이) 도교에서 오사카오사카에서 교토 교토에서 나라나라에서 오사카 오사카에서 한국으로 올거에요
			"
2017-04-12,"
[질문]
					
					태국 10월 여행
					
20

","
				이번 10월 20일 전후로 4박에서 5박 정도 잡고 여행 갈거 같은데 괜찮나요? 국왕 추모일같은 날이랑 안 겹치나요??
			"
2017-03-26,"
[질문]
					남자 혼자 서울 여행!!!!
					
					
80

","
				안녕하세요 5월~6월쯤에 2박3일 3박4일로혼자 여행 갈껀데 (성인아님) 코스좀 짜주실 수 있을까요??여행비용은 적당히 잡아주시고 지하철 호선까지 말씀해주시면 정말 감사하겠습니다 꼭 부탁 드려요 인생에 첫 혼자 여행이고 마지막 혼자 여행이라..
			"
2017-04-13,"
[질문]
					
					5월중순 오사카2박3일 커플 여행 예정입니다
					

","
				먼저 다른질문들에1 친절한답변주시는것 보고 여러가지 팁얻어갑니다. 감사합니다.저는 5월12일부터 금.토.일 오사카행 항공권을 예약해두었습니다.미래의 아내가 될사람과 가까운곳으로 여행을 가려고 막상 예매는 해두었지만 막상 가려니 짧은일정속 어떻게 해야될지 감이안잡히네요ㅜ 금요일오전10시 오사카공항 도착이구요 일요일오후4시 출발입니다.여자친구는 오사카거리를 거닐기만해도 행복할것 같다고 하는데 그래도 할수있는건 하고싶네요. 맛있는 먹거리, 사진찍기좋은곳, 이정도만 할수있어도 좋겠어요아 그리고 온천가는 일정은 무리겠죠? 오사카쪽에 괜찮은 온천이 있는지도 여쭙고싶네요 커플로같이 노천탕에서 시간을 보낼수있으면 좋겠구요저희가 일어는 전혀 못하구요 영어도 생활영어수준밖에 안되서 의사소통이 걱정입니다.아직 호텔도 예약안한상태인데 여러모로 도움을 주시면 감사하겠습니다.
			"
2017-04-18,"
[질문]
					
					유럽여행을 가려고 합니다.
					
35

","
				이태리를 여행가려합니다.혼자 가려하는데 정보를 얻을수 있는 책이나 사이트 같은 것좀 알려 주세요.
			"
2017-03-15,"
[질문]
					
					재수 전 여행
					
100

","
이제서야 재수를 시작하려하는데 어머니가 여행을 다녀오라고 하십니다.전 솔직히 별 찬성 안하거든요. 시간 낭비인 것 같기도 하고 기왕이면 일찍 하는게 좋다 싶어서그런데 다녀오라시네요.이걸 가는게 좋은걸까요?
"
2017-03-31,"
[질문]
					
					동유럽여행 유심칩 포켓와이파이
					
50

","
				5월에 동유럽 여행을갑니다체코 오스트리아 헝가리 독일전에일본여행을갔을땐 로밍을 해서갔는데 너무느리고 답답하더라구요제가 휴대폰을 많이 보는타입이라서 인터넷을 많이합니다동유럽에서 포켓와이파이를 신청해서 들고다니기만하면인터넷이나 폰사용하는데 불편한점은 없나요? 유심칩은 내번호로 안뜨고 몇기가할지도 모르겠고국내문자는 안들어온다는건 알고있습니다그럼 카톡이나 인터넷(페북등) 이런것들도 다 가능한가요 #동유럽여행#포켓와이파이#유심칩###
			"
2017-04-04,"
[질문]
					
					100)경주여행
					
100

","
				다음주인 14일날 가도 벚꽃이 피어있을까요?ㅜㅜ겹벚꽃은 14일엔 안펴있겠죠?14일이나 21일에 경주여행을가려합니다언제가좋을지와 이유를 설명해주세요ㅜ
			"
2017-04-16,"
[질문]
					
					제주도 여행 코스
					
10

","
				집안 어른들 모시고 제주도 3박 4일 여행 계획중인데요. 리조트로 숙박을 잡으려고 하는데 제주시나 좋을지 서귀포시가 좋을지 추천좀 해주세요. 어른들께서 편하게 쉬실수 있는 리조트 추천도 부탁드립니다. 교통은 기사님 있는 렌트가 대절할건디 친절한 업체로 추천 좀 해주세요
			"
2017-04-02,"
[질문]
					
					수학 여행  질문
					
100

","
				제가 초6인데요 제가 강원도로 수학여행을 가요 그 하이원인가 뭔가 하는 리조트 인데 그호텔은 얼마나 좋고 또 제가 남자라 뭘챙겨야 할지 뭘라서 가지고 갈것 도 알려주세요 무조건 체택 함니다
			"
2017-04-18,"
[질문]
					
					제주도가족여행 코스부탁드려용 내공 100
					
100

","
				5월24일부터 2박3일로 제주도가족여행을 갑니다성인4초등3유치원1입니다도착시간은 14시이고 집으로 출발은 14시입니다숙소는 서귀포시 표선면 번영로 입니다애들 위주로 다니고 싶습니다여행코스 부탁드립니다
			"
2017-04-16,"
[질문]
					
					오사카여행을 하려고합니다
					

","
				오사카와 교토 여행을 2박3일 일정으로 하려고 합니다첫날 간사이 공항에서 바로 교토로 이동해서교토에서 1박을하고 2일차에 오사카로 가서오사카에서 남은 1박을 할 예정입니다교통편에 관련된 유용한 할인권? 추천부탁드립니다일본 첫여행이거든요 ^^
			"
2017-04-15,"
[질문]
					
					여행가이드되는법
					

","
				안녕하세요 부산에서 공고다니는 고3남자입니다제가요 여행가이드가꿈이에요 국내에서말고해외에서 가이드를하고싶어요근데제가 영어회화같은걸잘못해요 영어공부를열심히안해서 근데제가진짜 좋아하는거면 마음만먹으면진짜뭐든다잘해요지금부터배워도안늦겠죠??그리고 여행가이드되기위해서 대학도갈려구해요 지식이많으면많을수록좋잖아요 부산에있는대학교좀추천해주세요 제가 공고에서 내신2~3등급안입니다 수시로갈꺼에요대학교학과하고 학교 어디가좋을까요???그리고 여행가이드가되기위해서 앞으로어떻게하면될까요??
			"
2017-04-04,"
[질문]
					
					유럽여행 환전
					

","
				스위스+이탈리아 자유여행 갑니다8박10일로 4박4박이거나 5박 스위스 3박 이탈리아일것 같은데 얼마나 해가야할까요?
			"
2017-03-31,"
[질문]
					
					2박3일 오사카 교토 여행
					
100

","
				2박3일 오사카 교토 여행을 하려는데일단 오사카 주유패스 2일을 끊으려구요. 1일차때 일정이-간사이공항9시30분 도착- 숙소인 오사카 베이 타워 도착 짐맡기기 - 오사카성 - 덴덴타운 - 근처라면집 - 도톤보리~ 신사이바시 - 우메다공중공원or햅파이브관람차 - 밤에 도톤보리에서 좀 놀다가 벤텐초역 오사카베이타워 도착. 이렇게 루트 괜찮나 봐주시구 2일차때엔 교토 나가려는데 교토에 관한 (오사카주유패스같은거) 뭘 끊어야할지 알려주셔요
			"
2017-04-04,"
[질문]
					
					일본오사카여행
					
50

","
				가족들 데리고 첫 해외여행을 가려구하는데요,5.4일 인천ㅡ오사카 20:5분 도착5.7일 오사카ㅡ인천 17:50분 도착 항공편 예약은 했구요숙소는 난바쪽으로 예약도 마쳤는데여행 코스를 짜기가 막막해요..오사카 성, 한큐백화점, 유니버셜, 헵파이브 요기는 꼭 가고싶은데 어떻게 코스를 짜야할지..주유패스도 끊어야하는데 어떤 노선으로, 며칠을 구매해야할지도 모르겠구요 ㅠㅠ
			"
2017-04-12,"
[질문]
					
					서유럽 여행시 Tourist Tax 문의 (체코,오스트리아,스위스)
					

","
				안녕하세요4월 17일 신혼여행을 유럽 3국으로 다녀옵니다(체코,오스트리아, 스위스 / 8박 10일)매 숙박 후, 체크 아웃시마다 카운터에 지불한다고 하는데 나라별 얼마씩 내야하나요?(각 국가별 금액/통화명)
			"
2017-04-09,"
[질문]
					
					여행가이드가되고싶은데 대학..꼭필요할까요?
					
100

","
				이리저리돌아다니는것도 좋아하고사람사귀는것도 정말좋아하는 23살여자닝겐입니다영어+중국어쪽으로 나가고싶구요통역안내사 여행가이드 이런쪽으로생각하고있습니다..그치만 대학이문제더라구요..대학은 나온적없구요그치만 여행사나 호텔쪽 뭐이런쪽들어가려면솔직히 대학 필수아닌가?싶더라구요..제나이 아직대학가기엔 늦은나이아니라고 생각하셔도고등학교때 공부아예안했었구요외국어공부머리 1도없는저에겐 그거공부하고 자격증공부하는것도 힘들것같은데다시 수능보라하면 진짜 답도없고요..돈도돈이고..1.대학정말필요할까요?...2.여행가이드나 뭐이런쪽이 사라질유망직업이라는데진짜인가요ㅜㅜ 요즘너무현대화시대라 고민되기도하네요전진짜 여러세상다니면서 돈도많이벌구싶고 그러거든요..
			"
2017-04-13,"
[질문]
					
					유럽 신혼여행 어때요?
					
50

","
				유럽 신혼여행을 갈지 ... 아니면 그냥 가까운 곳으로 가야 할지 아직 고민중입니다이런기회가 또 있을까 싶어 신혼여행 때 유럽을 가는게 좋을 것 같으면서도 패키지 해서 우루루 몰려 다니긴 싫은데 자유 여행으로 너무 멀리 가는건 쪼금 겁이 나기도 해서요일본이나 보라카이는 자유여행으로 돌아다녀봤거든요~유럽 신혼여행으로 결정하는게 좋을까요?
			"
2017-04-09,"
[질문]
					
					푸켓 자유여행 호텔 고민
					

","
				성인4.중학생1명 7월 자유여행 계획중에 있어요.예전에 푸켓 홀리데이인1박.라차섬3박 한적도 있고 후아힌4박도 해서 색다른곳에 가고싶었지만 모두 요구에 부합할만한곳이 푸켓일것같아 다시 알아보고있네요르메르디앙 호텔 퀄리티가 좋은것같아 2박.인디고펄 리조트2박 계획이구요.르메르디앙은 걸어서 빠통가기 힘들대서 그랜드머큐어 가 위치가 좋다던데 어떤가요?인디고펄은 호텔은 훌륭한데 중석식을 바깥에서 해결해야되는데 주변 먹거리 즐길거리들은 없을까요?그리고 르메르디앙 자체비치는 스노쿨링은 힘들까요?
			"
2017-04-12,"
[질문]
					
					필리핀 세부&보홀여행
					

","
10월달에 황금연휴가 있잖아요??/ 그때 친구들이랑 한4박5일정도 동남아쪽여행을갈라는데 일단 푸켓도생각했었는데 필리핀을가야 세부랑 보홀둘다 갈수있을것 같더라고요!!4박5일일정에 충분히 즐기고 올수있을까요??그리고 3명정도 갈것같은데 비행기값등등 포함해서 얼마정도 들까요?? 첫여행이여서 아무것도 모르네요 ㅠㅠㅠ 세부랑보홀말고 더 좋은곳이 있다면 추천도 부탁드려요!!
"
2017-04-17,"
[질문]
					
					2박4일 방콕여행 경비질문!!
					

","
				여자둘이 방콕으로 2박4일 여행을 가는데요뭐 유명하다라는 루프트바 클럽 맛집 마사지샵..등등 지내다 올거같습니다방콕이 물가가 워낙 싸다고들 하니 환전을 얼마정도 해야되는지 궁금하네요정해진건 없겠지만 고수님들 팁주시욥!!
			"
2017-04-17,"
[질문]
					
					해외여행 준비관련 질문
					
50

","
				안녕하세요.저는 이번에 방콕으로 해외여행을 처음으로 가게되는 학생입니다.처음이라 뭐부터 준비를 해야할지 모르겠고, 영어도 잘못하는 편이라 걱정도 많이되는데 도움좀 부탁드립니다.음, 처음에 어떤것부터 계획을 짜면 되는지 궁금하고,그리고 그 나라에 대해서 지리를 모르는데 도착하면 어떤식으로 관광지나 숙소를 찾아 이동을 하는지 궁금합니다.지도를 구입하거나 핸드폰으로 지도를 보면서 이동하나요??마지막으로 방콕을 갈예정인데 마카오를 경유해서 갈생각입니다.초보자는 경유해서 비행하기가 어려운지 음,, 걱정이 이만저만아닌데여러가지 경험이나 팁이있으면 알려주세요 ㅠ
"
2017-04-15,"
[질문]
					
					제주3박4일여행
					

","
				5월에 제주 가족여행을 가는데 3박4일 코스 조언 부탁드려요.성인4어린이2입니다.숙소는 제주공항에서 10분거리이고 10시도착 12시 출발입니다.11시에 차찾고 3시에 체크인 입니다.
			"
2017-04-14,"
[질문]
					
					10일간의 유럽여행
					
55

","
10일동안 유럽여행을 하려고하는데 프랑스랑 독일 이렇게 하려합니다.1. 프랑스-독일 순으로 가려하는데 여행 경비는 어느정도 들어갈까요(유레일패스 해야되겠죠??//한국에서 가는건 저가항공이어도 되고 최소한으로 한다면...)2. 음식(프랑스 독일의 주요 요리나 간식 등 여러가지 먹을거!)들 위주로 여행을 하면 2개국 여행하는건 빠듯할까요??
"
2017-04-17,"
[질문]
					
					4월 제주도 2박3일 여행코스 문의드립니다
					
10

","
안녕하세요일주일 후 부모님모시고 4식구 제주도로 2박3일 여행을 가는데요첫날 오전 11시30분 제주도 도착, 셋째날 오후 1시30분 비행기로 올라옵니다.이동은 렌트카로, 숙소는 서귀포시 중문동에 위치한 씨에스호텔 입니다.빡빡한 일정보다는 아름다운곳에서 여유있게 즐기고 오고 싶습니다.여행코스와 함께 맛집도 부탁드립니다.
"
2017-04-19T15:21,"
[질문]
					
					유럽여행코스 이탈리아
					

","
				이탈리아 자유여행 다녀오려고 하는데 베네치아는 꼭 가보고 싶은 도시에요!짧은 기간으로 다녀올건데 어떻게 일정을 세우면 좋을지 도와주세용!
			"
2017-04-13,"
[질문]
					
					한번뿐인 신혼여행 !
					
50

","
				한번뿐인 신혼여행인데 어디로 가야 좋을까요 ?동남아쪽으로 신혼여행 알아보고 있는데 추천할만한 신혼여행지 있을까요 ?신혼여행 꼼꼼하게 알아보고 가고 싶네요 ^^
			"
2017-03-14,"
[질문]
					
					세부 보라카이 여행
					
100

","
				세부나 보라카이 여행하러갑니다 비용은 상관없어요자유여행이라 패키지나 여행상품광고 사절합니다 영어할수있고 몸으로 부딪히는거 즐깁니다질문사항은 각 여행지마다 즐길거리 관광갈만한곳이나 체험등이 궁금합니다 각 여행지의 장단잠등을 알려주시면 감사하겠습니다 내공 100걸게요
			"
2017-04-11,"
[질문]
					
					필리핀 여행 비자 문의
					

","
				작년에 8일 필리핀 여행 갔다가 이번에 4박5일 또 가는데비자 필요없나요? 2번째인데 상관없겟쥬???
			"
2017-04-16,"
[질문]
					
					유럽여행루트 조언부탁드려용
					
100

","
				런던 6박7일 파리6박 7일브뤼셀3박4일 프랑크푸르크 1박2일 뮌헨 2박3일프라하(드레스덴, 체스키) 3박4일부다페스트 2박3일 빈 2박3일 잘츠부르크 1박2일인터라켄 3박4일 밀라노 1박2일 베니스 2박3일 피렌체 3박4일 로마 3박4일바르셀로나 3박4일 마드리드 2박3일도시별 여행일자 괜찮나요?2일정도 여유있는데 어디가나을까요?
			"
2017-03-31,"
[질문]
					
					오사카여행
					
80

","
				도움을 받고싶어 글올립니다4월 초 3박4일 오사카 여행계획입니다.호텔은 네스트호텔 3박했구요 라피토 왕복권, 주유패스1일권, 한큐패스 이렇게 구입은 해놓은 상태입니다..첫날은 간사이 도착이 11쯤 될거같습니다.주유패스사용을 2일째 사용을 할까합니다3일째는 교토를 가구요4일째는 귀국이 오전입니다무료티켓을 최대한 사용하고 싶은데요우메다공중정원,헵파이브관람차, 오사카성, 천수각,니시노마루정원,돔보리리버크루즈,오카와강 벚꽃크루즈,주택박물관,온천은 나니와노유랑 스피스미노에 둘중 한곳이렇게해서 코스를 어떻게해야할지....위치도모르겠고해서요 좀 자세하게 동선까지 지하철이랑 해서 도움을 주시면 감사하겠습니다~~~교토일정도 같이 부탁드립니다
			"
2017-04-18,"
[질문]
					
					나트랑여행 질문 있습니당
					

","
				나트랑으로 여행을 다녀오려고 하는데 자유시간이 많았으면 해서 에어텔 상품을 알아보고 있는 중이에요~ 가격대도 적당하면서 괜찮은 리조트와 항공권을 구입 할 수 있는 곳 있을까요?
			"
2017-04-12,"
[질문]
					
					여행 버스대절 온라인예약
					

","
				여행 버스대절 온라인 예약 궁금합니다.이번에 저희가 단체로 주문진으로 여행 가는데, 각자 요금 끊어서 가는 것보다아예 여행 버스대절 빌려서 가는게 훨씬더 저렴하겠더라구요.그래서 부산 출발가능한 여행 버스대절 가격 알아보고 있는데여행 버스대절 처음이라서 그런지 받는 여행 버스대절 견적도 제각각이고 좀 헤메고 있는데요.여행 버스대절 전세로 빌리는 가격 잘 받으려면어디서 어떻게 문의하는 게 가장 좋을까요?여행 버스대절 전세 빌려보신분 다른지역 말고 부산 만 답변기다릴게요.
			"
2017-04-15,"
[질문]
					
					수학여행 준비물&코디
					
15

","
				제가 4월 19일날에 수학여행을 가는데 필요한 준비물좀 알려주세요~ 하나하나 세세하게 알려주시고 코디도 사진포함해서 알려주세여^^ 내공 15겁니다
			"
2017-04-05,"
[질문]
					
					둘이서 캄보디아 여행!!!!
					

","
				전 20대초반 학생이구요~~어머니랑 둘이서 캄보디아 여행을 8월에 하려고합니다많이 덥겠지만 캄보디아를 가고싶어하시고 휴가가 그때뿐이라서요 5일일정으로 가볍게 다녀오신분께 묻고싶습니다패키지가 좋을까요 자유여행이 좋을까요~~??저는 자유여행으로 몇번 해외 다녀오긴했는데캄보디아는 약간 엄두가 안나서요어머니는 자유를 원하시는거같은데계획을 혼자짜야하는 상황이라괜찮을지 여쭤 보고싶습니다~~~
			"
2017-04-17,"
[질문]
					
					보라카이 여행경비 질문 드립니다!
					
100

","
보라카이 여행경비 질문드립니다!1. 보라카이 비행기 왕복티켓의 경우 인천공항 약 44만원이던데..패키지의 경우 왕복티켓+리조트+보트+D mall+특식 등 포함하여 50만원정도입니다.왜 이렇게 차이가 심한건지.. 패키지로 가는 게 훨씬 이득인지 궁금합니다.2. 보라카이명소 추가적으로 꼭 가봐야할 곳이 있다면 추천 부탁드립니다.스쿠버다이빙황제 마사지맹그로브 숲D - Mall (관광상품 및 기념품 구입가능)스파 (마사지 혹은 스파)Bar / Club (재밌다고함)비치 (록키, 카반, 라푸라푸 등등)3. 친구들이랑 남자들끼리 가는데, 밤문화도 궁금하네요.중요한 건 아닌데, 그래도 혹시나해서 여쭤봅니다. 기분상하셨다면 죄송보라카이에서도 가능한가요?앙헬이라는 곳이 있던데,, 여행인데 보라카이에서 앙헬로 넘어가는것은 시간소모대비 아까운가요??
"
2017-04-09,"
[질문]
					
					춘천 출발   2박3일  전라도 여행 일정좀 부탁드립니다
					
100

","
				안녕하세요 다음주 4월 15일 부터 17일 2박 3일 전라도 여행을 갸려고 합니다 출발지는 강원도 춘천인데 여행을 안 다녀 봐서 계획을 못세우고 있습니다 자차 있고 중간중간 경유해서 가는 일정을 잡고 싶은데 쉽지가 않네요 별교 꼬막 보성 녹차 뭐 이런식으로만 알고 있어서 여행 고수님들의 도움이 필요합니다 도와주십시오 
"
2017-04-13,"
[질문]
					
					3개월 유럽여행 경비
					
100

","
				3~4개월정도 헝가리-체코-폴란드 쪽으로 여행하려고 하는데 경비가 어느정도 필요할까요??? 리투아니아나 불가리아 크로아티아 오스트리아 스페인 등도 가능하면 가보고싶기도 하구요ㅠㅜㅠㅜ(그리고 돌아올때 싱가폴이나 동남아도 잠시 들렸다 올까 생각중이에요...욕심이겠죠....ㅋ)그리고 혹시 숙소나 교통 같은 것들 어떤식으로 해결하시는지 알 수 있을까요..아직 여행경로를 정하지 않아서 많은 얘기를 듣고싶어요!!!^^
			"
2017-04-14,"
[질문]
					
					해외여행 패키지 질문
					
30

","
유럽쪽에 여행을 처음 가려고 합니다여행사의 패키지가 있던데그럼 관광가이드로 붙여 주나요? 제가 처음이라 ㅎㅎ하나투어 괜찮은 거 같은데?또 싸고 좋은 데 추천해주세요
"
2017-03-21,"
[질문]
					독일 학생비자 유럽여행
					
					
25

","
				독일 학생비자 소지 중에는 쉥겐조약 상관없이 90일이 지났어도 유럽 여행 다닐 수 있나요..
			"
2017-03-30,"
[질문]
					
					3박4일 제주 여행 코스 부탁드립니다.
					

","
				친정엄마와 저, 39개월 딸해서 모녀 3대 여행이구요.제주도 한번도 가본적없어 검색하다보니 비슷한 곳들도많고, 정말 많은 관광지가 있어서 멘붕왔어요ㅜㅜ5월 여행, 차량렌트, 제주 도착 1시, 제주 출발 3시입니다.우선 아이는 수족관, 말타는거, 키티나 베어같은 캐릭터들좋아하구요. 친정엄마는 이쁜것들, 자연환경, 힐링쪽좋아하는데 두루두루 만족할만한, 필수 코스들 뭐가 있을까요?3박4일 코스, 4박5일 코스로 타이트하지 않게느긋하게 즐길수 있는 코스,더불어 너무 비싸지 않은 괜찮은 숙소도 부탁드립니다.
			"
2017-04-14,"
[질문]
					
					제주여행 4박5일 코스 일정 추천
					

","
가족여행 계획중이구요첫날 오후 4시 도착해서다섯째날 오후 4시 비행기로 나오는 일정입니다.일몰시간이 19시30분경으로 예상되므로하루일정도 이에 맞춰아침 10시 숙소출발~오후 8시 숙소복귀정도로 진행할 예정이구요고수님들 일정 추천 부탁드립니다.
"
2017-04-05,"
[질문]
					
					6월 홋카이도 여행계획중입니다
					

","
				6월 홋카이도 여행계획중입니다삿포로역에서 jr기차로 도야역까지 가려하는데 열차이름이나 타는법등 자세한 사항이 궁금합니다 ~~
			"
2017-04-07,"
[질문]
					
					여자 혼자 서울 1박2일 여행
					

","
이번 달 말에 여자 혼자 서울 1박2일 여행가려합니다.다른 일정이 있어서 가는거라 시간은 토요일 저녁부터 일요일 오후 3시까지 밖에 시간이 없는데꼭 가보고 싶은곳은 홍대거리랑 이태원거리는 꼭 가보고 싶어요근데 시간이 저녁~아침~점심 이렇게되니까 코스를 어떻게 짜면 좋을지 모르겠네요홍대를 먼저 가는게 좋을까요 이태원을 먼저가는게 좋을까요?중간에 다른코스를 더 끼워넣을수 있다면 어느코스가 있을까요?숙소는 저렴하게 잡고싶은데 게스트하우스가 좋을까요? 모텔이 좋을까요? 비용이 얼마나 들지 궁금하네요.
"
2017-04-12,"
[질문]
					
					경주 여행코스 문의드려요!!
					

","
				가족들이랑 경주여행을 가려고 하는데 !! 경주 여행코스를어떻게 해야할지 모르겟네요!! 사실 중학교때 가보고 안가봤어요경주 여행코스 가장 핫플레이스만 가보고 싶어요!!혹시 경주 여행코스 다들 어떻게 알아보고 가시는지 궁금하네요그리고 가족단위로 경주 여행코스 다녀오신분들의소중한 경험담이 필요하네요 그리고 그 경주 여행코스 하면서가볼만한 맛집도 알려주세요 !!
			"
2017-04-15,"
[질문]
					
					오사카 3박4일 여행가려고 하는데 도와주세요
					
100

","
				처음으로 일본여행을 가려고 하는데요초행이라 아무것도 모르겠어서 질문 드립니다주유패스나 이런것도 모르겠고 어딜가야할지도 숙박시설도 막막하네요4월 25~28일 여행 예정인데요 간단하게 정리해서 알려주실수 있을까요?팁이나 갈만한곳 추천해주시면 더 좋을것같구요
			"
2017-04-17,"
[질문]
					
					제주여행일정좀도움부탁드립니다.
					
50

","
				4번째 제주여행이라서 안가본곳만 가고 쉬고오려구요숙소는 대명리조트 랍니다.협재해변 우도선상낚시 짚라인? 이정도만 우선 생각하고 있답니다..어떻게움직이는게 나을까요?
			"
2017-04-10,"
[질문]
					
					사회복무요원 해외여행에 관한 질문입니다.
					
145

","
				해외여행 허가를 받았는데 비행기 티켓 교환할 때 국외여행허가서를 지참하고 있어야 하나요?궁금합니다.
"
2017-04-10,"
[질문]
					
					.제주도여행 좋은곳.
					

","
제주도여행 가려고 준비하는데 어떻게 다녀오면 좋을까요 ?그리고 제주도여행코스도 준비가 안되있답니다많이 다녀오신분 계심 알려주세요날씨도 좋아지구 벌써부터 설레이구 있답니다부탁드려요.
"
2017-04-16,"
[질문]
					
					제주도 여행 경로
					
100

","
				제주도 2박3일로가는데요 친구랑 가고싶은곳 많이 줄여서 이정도에요 ㅜㅜ 여행경로좀 가깝게 짜주세요 호텔은 한곳에서만 묵을거에요 성산읍유채꽃재배단지 구좌상회 카페앨리스 네모랑베이커리 오설록티뮤지엄 세화해수욕장 에코랜드 여름문구사 드라마월드 감귤창고카페 지미스 맨도롱또똣 맨도롱돈까스이렇게 가까운순으로 짜주세요 ㅜ 세화는 토요일11시에갈거에요
			"
2017-04-17,"
[질문]
					
					6월이나7월 커플여행추천
					
100

","
				안녕하세요 이번에 여자친구랑2박3일로6월아님7월에 여행갈생각인데요 딱히생각나는데가없내요 축제같은데도괜찮고 체험도괜찮구 추천좀 부탁드릴게요
			"
2017-04-03,"
[질문]
					
					스위스 학생비자 만료 후 거주 및 여행
					
80

","
안녕하세요 스위스에 학생비자로 거주중인 학생입니다.학생비자 만료가 17년 7월 30일까지 인데요비자 만료 이후 스위스에 2주동안 거주해도 괜찮을까요?일단 계획은 비자만료이후 스위스에 1주일정도 여행 후 ,오스트리아,헝가리, 체코 여행 이후 출국할 예정입니다.학생비자 기간 도중에 20일정도 프랑스, 오스트리아, 체코, 이탈리아, 스페인 등 여행 생각 중인데요""""핵심은 학생비자 만료 이후 1 2주일 정도 거주 해도 되는지아니면 타국가 입국 이후 스위스 재입국이 가능한지 궁금합니다.
"
2017-04-16,"
[질문]
					
					9월 유럽여행 비행기표
					
10

","
				이번 9월 초에 짧게 일주일 조금 넘게 파리in 취리히out으로 여행을 하려고 하는데 비행기표를 언제 사는게 제일 저렴할지 감이 잘 안와서요. 지금 가격비교를 해보니 경유를 1번정도 해서 87만원에서 90만원 정도가 제일 싼 가격이더라구요. 비행기표는 미리 살 수록 싸다고는 하는데 3개월 전이 더 싸다는 말도 있고 해서 더 기다려봐야 하나 고민입니다. 90만원이면 싼편인지, 더 기다려서 3개월 전에 구매하면 더 저렴하게 구매가 가능한지 궁금합니다.
			"
2017-03-21,"
[질문]
					
					후쿠오카, 유후인 여행 갈만한 곳
					
50

","
				4월 10일 해군 입대합니다 그 전에 여행 가볼려 하는데 예전에 수학여행 갔던 구마모토 후쿠오카 유후인이 기억에 남아 다시 가보려 합니다배타고 갈 것 같습니다유후인에 여관 추천 부탁드립니다가격을 잘 몰라서 말입니다자유여행이 좀 비싸면 패키지 여행도 괜찮을까요?
"
2017-04-11,"
[질문]
					
					제주도 3박4일 여행코스
					

","
				17일부터 20일까지 제주도 여행을 가게되는 사람입니다.출발하는날 도착시간은 1시이고 여자친구와 함께 가는것이라 기념일겸 해서 가는거라 쉬엄쉬엄 돌아다닐수 있는 코스와 경치가 이쁜곳 그리고 사진좀 많이 찍을 수 있는 곳으로 부탁드립니다 낚시에 관한 채비나 그런것들도 좀 알고싶네요 ! 제주도펜션 이쁜곳도 추천받숩니다 내공은 100걸겠습니다 ~#제주도여행 #제주도낚시 #제주도3박4일 #제주도여행코스 #제주도 #제주도펜션
			"
2017-03-14,"
[질문]
					미국 서부 여행
					
					
100

","
				안녕하세요 5월에 7박8일 일정으로 샌프란시스코 여행을 하려고합니디.공항은 갈때 올때 모두 샌프란시스코 공항입니다.아내랑 다녀올 생각인데 여행 코스및 예상 경비에 대해 조언좀 해주세요ㅠ1. 샌프란시스코, 그랜드캐년, LA, 라스베가스 4군데 모두 가고싶은데 서로 거리도 너무 멀어서 일정이 너무 빡세서 여유가 없을 것 같습니다(너무 빡신 일정은 하고싶지 않아서ㅠ) LA나 라스베가스 중 한군데는 안될것 같구, 샌프란시스코에는 3~4일정도 있을 것 같습니다. 좋은 코스좀 짜주세요2. 각 도시 간 이동시 + 도시 내 이동 시, 교통수단좀 자세하게 알려주세요ㅠ 샌프란에 3-4일정도 있을때는 렌트를 하고 싶은데 괜찮을까요?3. 대략적인 여행경비좀 산출해주세요ㅠ(항공권, 쇼핑비 제외) 절반을 머무는 샌프란은 에어비앤비를 이용하려고 합니다. 호텔이 너무 비ㅆ...다른 도시들은 호텔 묵을 생각하고 있습니다.식비는 가서 먹어볼건 그래도 먹어보고, 적당히 쓰고싶어요ㅠ사람마다 다르다 이런거 말고 경험 상으로 최대한 현실적이고 일반적인 비용 부탁 드려요ㅠ4. 샌프란공항 입국시 조심해야 할 점은 뭘까요ㅠ5. 그 밖에 샌프란이나 미국 여행시 주의할 점있으면 조언 부탁드려요(미국은 처음..)
			"
2017-04-12,"
[질문]
					
					중국여행질문이요
					
100

","
				추석쯤에 가족끼리 상하이 황산 3박4일 다녀오고싶은데 황산을 자유여행으로 다녀오기 괜찮을까요?? 교통같은거 때문에.. 패키지랑 자유여행 비용은 많이 차이 날까요
			"
2017-03-15,"
[질문]
					
					샌프란시스코 가족여행
					

","
				안녕하세요?3박4일(4/28-5/1)로 샌프란시스코 여행을 계획중입니다.날짜와 지역만 결정해서요~1. 호텔/ 2.차 렌트 여부/ 3.관광일정 등 질문드립니다!1. 가성비 좋은 호텔은 어디일까요?간단한 조식을 제공하는 곳도 있다고 해서요~추천 부탁드립니다(Parc 55를 보긴 했는데...이 호텔 어떤가요? 주차비가 비싼가요?)2. 차를 렌트해서 다니는게 좋을지?아니면 여행 책을 보니깐 시내에서는 렌트를 안하고 다니는것이 좋다고 해서요~처음엔 6살 아이가 있어서 차를 렌트하려고 했는데, 어떨까요?호텔이나 기타 지역에서 주차비를 받는지요?가격은 얼마나 되나요?3. 3박4일 여행일정샌프란시스코 여행일정과 맛집부탁드립니다!^^
			"
2017-04-18T17:09,"
[질문]
					
					시드니여행 계획하고 있습니다~~
					

","
				시드니여행 패키지로 가보려고 알아보는 중인데 코스가 괜찮은 걸로 다녀오신 후기 있나용??! 공유해주시면 감사하겠습니다~~~!!!
			"
2017-04-17,"
[질문]
					
					뉴질랜드 관광비자로 호주 여행
					

","
				뉴질랜드에 관광비자로 가서 3개월이 만료 되기 이전에호주로 여행을 갔다가 다시 뉴질랜드 입국시이전 것은 소멸되고그후로부터 다시 3개월 관광비자를 받게되는건가요?
			"
2017-04-12,"
[질문]
					
					#제주도 #제주도혼자여행
					
90

","
				#제주도 #제주도혼자여행안녕하세요~ 4월17~26중 2박3일로 제주도를 가려고합니다.24살 여자 혼자가는 여행인데, 혹시 너무 외진곳말고, 추천해주실만한 곳 있나용?렌트할거라 위치는상관없어요ㅎㅎ
			"
2017-04-10,"
[질문]
					
					베트남여행 고민걱정되요~
					
50

","
베트남여행을 계획중에 있는데, 첫 외국이 베트남여행이라서 걱정됩니다ㅠㅠ..그래서 베트남여행 준비 잘하고, 즐겁고 알찬 베트남여행 다녀오고 싶은데..어떻게 베트남여행 계획을 짜야할지 알아보고 있습니다.저도 처음이지만, 친구들도 베트남여행이 처음이라서인터넷으로 베트남여행 일정이나, 루트, 항공권, 호텔 등등 알아보고 있는데..아무래도 패키지로 베트남여행 갔다오는것도 좋을 것 같아 보여요ㅠㅠ..자유여행을 많이 하시고, 여행을 즐겨하시는 분들이 많다보니깐인터넷으로 찾아보니 베트남여행 상품도 잘나온다고 하더라구요.그래서 베트남여행 그냥 패키지로 갔다올까 고민도 되고..일단 저희는 관광지 위주로 보고 올 수 있는 베트남여행이 되었음 하는데,베트남여행 최근에 다녀오신분 있으시다면 솔직한 후기 남겨주셧음해요.
"
2017-04-15,"
[질문]
					
					2박3일 수학여행 가방
					

","
				이번에 2박3일로 수학여행을 가거든요 ? 근데 가방을 해야하긴 하는데 애들보면 다 ~ 캐리어 이잖아요..그래서 저혼자 가방 가져가면 돈 없어 보이고 그러진 않을까요..?그리고 짐이 쫌 많은데 제가 지금 하고 다니는 책가방으로 하면 다 안들어 가는데 백팩을 하나 사야겠죠 ??
			"
2017-04-13,"
[질문]
					
					제주도2박3일 여행코스
					

","
				요번2박3일로5월초에 제주도 여자친구와다녀올려고합니다.20대이구요2박3일 여행코스좀알려주세요 (반시계방향으로 둘러볼려고합니다.)
			"
2017-04-15,"
[질문]
					
					오카사도쿄 3박4일여행
					
80

","
				오사카도쿄 3박4일 여행을 갑니다.1,2일차 오사카 3일차 도쿄를 갈 계획입니다.주유패스2일권구매했고 도쿄갈때 싸게가는방법과비용절감 방법 설명 부탁드립니다.
			"
2017-04-17,"
[질문]
					
					멜번여행 알차게!
					

","
				안녕하세요 ㅎㅎㅎ 호주 멜버른으로 패키지여행 갈까 생각 중인데 어떤 여행사로 가야 할지 모르겠어요 .... 알차게 잘 다녀올 수 있는 방법 있나용????
			"
2017-01-01,"
[질문]
					
					2박3일 겨울 부산여행
					
100

","
				남자 4명이서 부산여행 가려고 하는데요부산에 한번도 간적이 없어서 계획짜기가 힘드네요이런거 보고 먹어야 부산여행 제대로 했네 할만한 것들로이동경로에 맞게 계획 좀 짜주세요그리고 숙소도 어디쯤 잡는게 효율적일까요?남자끼리 가는거라 저녁엔 꼭 술이 필요하니 널널하게 짜주시면감사하겠습니다.
			"
2017-04-18T16:42,"
[질문]
					
					2박3일 제주도 여행코스 문의드려요
					

","
				20대 여자입니다 어머니랑 다음주에 여행가는데 코스가 너무 정하기 힘이드네요 렌트카 대여 예정이고 비행기는 제주도에 11시 도착 후 이틀 뒤 서울로 저녁 6~8시 출발 예정입니다 숙박은 한 군데서가 아니라 첫날에는 서귀포 근처 다음날에 우도를 가고싶어서요 다음날에는 공항빨리가는 제주시내에 숙박하려합니다가고싶은 장소는 성산일출봉, 섭지코지, 월정리해변, 애월해안도로, 사려니숲길, 우도이구요! 이 장소들 외에도 추천할 만한 장소가 있다면 포함해서 코스 짜는 것좀 도와주세요:(그리고 우도에 가려면 서귀포 근처에서 묶는 게 나은지도 ㅠㅜ..
			"
2017-04-16,"
[질문]
					
					수학여행 코디
					

","
				다음주 수,목,금으로 총 2박 3일동안 수학여행을 가는데 코디추천 해주세요!제주도로 갑니당첫날 : 레깅스 바지 + 후드티 + 항공점퍼둘째날 : 청반바지 + 맨투맨(or긴팔) + 가디건(or집업)셋째날 : 테니스치마 + 반팔 + 항공점퍼신발은 운동화 아니면 단화 신을거같아요!셋째날에 반팔말고 블라우스 입으면 이상할까요ㅜ?제가 6학년이라 이때 졸업 단체사진 찍을것같거든요..
			"
2017-04-01,"
[질문]
					
					하이난으로 여행을 가려고 합니다.
					
40

","
				하이난으로 여행을 갈 예정인데요.5월에 갈려고하는데 거기 날씨는 많이덥나요.?그리고 대부분의 항공이 상해에서 경유를 하던데 하이난은 비자없이갈수있는데 상해경유하니까 중국비자를 발급받아야 하는지 궁금합니다.국제공항에서 해남대학교까지의 택시비는얼마가드는지와 버스를타면 어떻ㄱ가야하는지도 궁금합니다.알려주세요^^
"
2017-03-08,"
[질문]
					
					이탈리아남부여행 질문입니다!
					
15

","
				이탈리아남부여행 질문입니다!1. 남부투어 후에 다시 로마에서 1박을 하고 한국으로 올 계획이었는데 남부투어 끝나고 바로 로마거쳐서(로마1박안하고)한국오는비행기를 탄다면 라벨로1박, 살레르노1박을 해서 첫날 아말피여행후 라벨로1박둘째날 아말피거쳐서 포지타노 여행후 살레르노1박 후에 로마로 돌아오는 건 어떨까요? 비행기 시간때문에 위험할까요ㅠㅠ 9시 15분 비행기입니다.2. 사실문화재같은거 별로 관심없는데..그럼! 로마일정을 줄이고 로마 2박-살레르노에서페리타고 아말피여행후 라벨로 1박-아말피 들러서 포지타노여행후 살레르노돌아와서1박-로마 1박이렇게 가는건 어떤가요..ㅠㅠ조언을 구합니다
			"
2017-03-17,"
[질문]
					
					세부 가족여행 문의. 3명. 4월5월
					

","
				세부 가족여행 부부, 4살자녀 4월이나 5월에 가려는데 3박5일을 많이 가더라구요 그게 저렴해서 그런가요?여행사 통해서 패키지로 가는게 좋을까요?제가 직접 예약하는게 좋을까요?금액은 얼마나 들까요? 그래도 조금은 괜찮은곳에서 숙박하고싶은데 가격이 걱정이네요 여행 가보신분들 조언 부탁드립니다
			"
2017-03-22,"
[질문]
					
					인스부르크 근교여행
					
100

","
				인스부르크에 1년정도 가있을껀데 중간중간에 여행을 좀 다닐려고 해요. 버스나 기차로 저렴하게 다녀올수있는 근교 뭐가 있을까요? 꼭 오스트리아가 아니여도 좋아요~~
			"
2017-04-16,"
[질문]
					
					몰디브여행패키지
					

","
				몰디브 여행패키지가 비싸던데 그이유는 뭔가요?항공경로가 별로없어서 그런가요?
			"
2017-04-12,"
[질문]
					
					샌프란시스코 오렌지빌리지 호스텔->금문교->소살리토 자전거여행 가능할까요?
					
30

","
				금문교->소살리토는 자전거로 여행하는거 잘 아는데,오랜지빌리지호스텔(411 o'farrell st)에서 금문교까지 자전거 타고 갈만한가요??5월초(5월1일) 입니다!이 거리더라구요아니면 pier39까지 가서 거기 주변 자전거 렌트샵에서 대여하는게 나을까요?!드ㅜ개중에 추천좀 해주세요!
"
2017-04-13,"
[질문]
					
					4월 제주도여행코스 3박4일 우도포함
					
100

","
				4월 23-26일 3박 4일 제주도 4인가족(성인4명) 여행입니다.제주 도착 16:15제주 출발 21:05차는 렌트합니다.힐링 여행이 되었으면 좋겠고,우도 와 성산일출봉 코스는 꼭 포함하고 싶습니다.가파도 청보리축제도 가고싶은데 일정상 빡빡하겠지요?ㅠ숙소는 코스에 따라 잡을것 같습니다.이에 맞는 괜찮은 코스가 어떻게 될까요? 도와주세요ㅠ
			"
2017-04-11,"
[질문]
					
					제주도 가족여행 코스 추천
					
40

","
10월달에 가족여행으로 4박5일 제주도를 가는데코스추천해주세요~숙박도 아직 예약전인데 추천해주세요~
"
2017-04-13,"
[질문]
					홍콩- 심천-동관-광저우- 홍콩 여행
					
					

","
제가 홍콩에서 심천 그리고 동관과 광저우 다시 홍콩으로와서 서울로가는 비행기를 타려고 합니다. 그런데중국 여행이 처음이라 그런지 조금 낯설게 느껴지네요ㅠ 홍콩비자와 중국비자등 필요한 것과 각 도시마다 빠르게 가는 루트가 있다면 소개해주세요
"
2017-04-14,"
[질문]
					
					제주도 여행 코스 추천 부탁드려요
					

","
				이번 5월에 시부모님과 2박3일 여행을 갑니다시부모님 연세가 72세구요남편과 저 그리고 6살 19개월 아기까지 총 6명 입니다연세가 있으셔서 많이 걷는건 불편해 하시구요아이들이 좋아할만한 곳으로 추천 부탁드립니다도착일 5월 6일 3시출발일 5월 8일 12시숙소 서귀포 샤인빌리조트
			"
2017-03-08,"
[질문]
					
					여행가이드에 대해 알려주세요!
					
100

","
				안녕하세요 현재 고등학교 2학년이고 해외에서의 여행가이드를 꿈꾸고 있어요지금 특성화고에 관광경영과를 다니고 있습니다근데 전 취업이 아니라 진학을 하려구요저는 고등학교에서 관광경영과를 나왔으니대학은 외국어를 집중적으로 파려고 명지전문대에 있는 일본어과,영어과 아니면 중국어과를 가려고 해요 근데 가이드가 되려면 대학을 외국어 쪽이 아닌관광과 계열로 가는게 더 좋을까요?선생님께도 얘기를 드렸더니 다시 한 번 더 생각해보라하시고..대학은 어딜 나와도 상관없다고 본 것 같은데어디로 갈지 고민이에요..그리고 해외 여행가이드가 된다면한국인을 대상으로 일 하게되도원어민처럼 외국어를 구사해야하나요?여행가이드 자격증 따는데 학원을 다니면 더 좋나요?독학을 해도 상관없을것 같아서 질문해요
			"
2017-04-12,"
[질문]
					
					캐나다여행 고민이에요!
					
60

","
				안녕하세요! 내년에 캐나다여행을 가려고 생각중입니다.20일정도 생각중이구요ㅎㅎ1. LA로 인해서 유니버셜 갔다가 옐로우나이프로 이동오로라보고 벤쿠버관광(휘슬러,로키등)후 벤쿠버 아웃2. 캐나다 동부ㅡ서부 여행인아웃과 코스 고민중이지만.. 나이아가라 퀘백, 휘슬러, 오로라는 꼭보고파요둘중 어느게 더.나을까요? 2번선택시 인아웃, 코스는 어떻게 해야 좋을까요? 아니면 더 좋은 여행코스가있을까요??
			"
2017-04-09,"
[질문]
					
					일본 여행
					
100

","
				올해8월달에 일본여행갈려는데어딜가야할지 모르겠어요남학생 혼자 3박4일갈만한데 추천좀요
			"
2017-04-05,"
[질문]
					
					미국 샌프란시스코 여행코스 도와주세요
					

","
				여자 둘이서 미국 서부 여행 예정인데,샌프란시스코 3박 4일 코스를 못잡고 있어요ㅠㅠ가려고 하는곳은.. 소살리토, 금문교(비스타포인트), 앨커트래즈섬, 피셔맨스와프, 피어39, 롬바드스트릿, 기라델리스퀘어, 놉힐, 알라모스퀘어, 페인티드레이디스, 하이트애쉬베리이구요.숙소는 유니온스퀘어 근처입니다.1. 3박 4일간 전체 일정은 어떻게 잡는게 좋을지?2. 케이블카는 어디서부터 어디를 타야할지, 이동수단은 어떻게해야할지 도움좀 주세요..3. 참고로 우버, 지하철 정도 생각하는데 우버 가격은 얼마나될까요?
			"
2017-03-18,"
[질문]
					
					미국 esta 여행 후 캐나다로
					

","
				안녕하세요~ esta 미국 여행 83일 차에 캐나다로 가서 2달 여행 하고 싶습니다. 캐나다 eta는 이미 받아 놓은 상태입니다. 미국에서 바로 캐나다로 가면 되는건가요? 아니면 한국에 들렸다가 가야 되나요? esta 90 안에 미국 출국했다는게 증명 되어야 하는데 미국에서 비행기 타고 바로 캐나다로 가는것도 출국으로 인정해주나요? 미국에서 캐나다로 바로 가는 것은 출국 인정을 안 해준다는말이 있어서 질문드립니다.
			"
2017-03-31,"
[질문]
					
					필리핀 여행 주의사항이 있다면 알려주세요!
					

","
				세부로 3박5일 여행가게 되었는데 주의사항 있음 알려주세요일단 면세금액이 0원이라는건 알고 있습니다면세점에서 구매하면 안되는거죠?
			"
2017-04-10,"
[질문]
					
					일본여행!
					
100

","
				이번 여름에 일본여행을 계획하고있습니다여름에 왜가냐고하시면 할말이 없지만 시간도 그렇고 여름방학에 가는게 나을꺼같아서요 해외여행은 한번도 간적이없고요..성인이 된 기념으로 동생과둘이 갈려고하는데몇가지 궁금한게 있습니다이제 성인이고 첫 해외여행인데 자유여행을 하면 많이 불편할까요?여름이라하면 8월 말을 생각하고있는데 어디가 나을까요?(교통이 편리해서 잘 돌아다닐수있고 가까운곳에 일본을 충분히 느낄수있는 관광위주의 장소면 좋겠습니다 현재 오사카를 생각중인데 입문으로 아무곳이나 괜찮습니다)+만약 도쿄를추천해주신다면 도툐의 어디어디 오사카를 추천해주신다면 오사카의어디어디 이렇게 알려주시면 감사하겠습니다 물론 가까운지역으로요! 도쿄랑 오사카 둘다추천 이런것이아닙니다!보통 티켓을 언제쯤 어디서 사야 저렴하게 살수있고 보통 왕복으로 하면 어느정도가격인지 궁금합니다.대략 4박5일정도 생각중인데 보통 항공권을 빼면 인당 얼마정도 드는편인가요??친절한 답변 기다리겠습니다 질문이 많아 다 답변을 못해주신다면 아는선에서만 알려주세요 :)
			"
2017-04-12,"
[질문]
					해외 가족여행 추천
					
					

","
해외 가족여행 추천가족여행 추천 좀 부탁드립니다~저희는 지금 만4세(여자)만2세(남자)아이와 함께 4인가족이 여행을 가려고 합니다~매년 해외로 가족여행을 다녀서 4시간 정도의 비행거리에 있는 휴양지는 어느정도 가보았다고 생각이 듭니다..이번에 보라카이로 가려고 했는데 어디 더 좋은곳은 없는지 궁금해서 글올립니다.. 이번에 보라카이 또가게 되면 3번째여서.... 고민중이거든여..근데 막상 보라카이만한 곳도 없는 것같더라구여~ 비치도 좋고 리조트에서 창가로 나오면 수영장도 있어서 아이들이 놀기에는 딱 좋은 곳인것같아서 보라카이 만한곳도 없더라구여...보라카이 만큼 좋은 곳 있으면 추천 부탁드립니다~ 리조트에서 해변도 가깝고 리조트 수영장도 잘되어있고 보라카이 처럼 리조트에서 걸어서 디몰같이 음식점이 몰려있는곳이있었으면 하거든여..고수님들의 답변 기다리겠습니다~
"
2017-04-17,"
[질문]
					
					홍콩 밤도깨비여행코스 좀 도와주세요
					
25

","
갑작스래 연휴때 여행을 갈려고하니 3주밖에 남지 않은 상황에서비행기 표도 제대로 된시간이 없고 보다보니토~월 비행기 토욜일아침 8시 출발해서 10시25분도착월요일 새벽비행기 2시20분 비행기가 있어 예약할려고 합니다홍콩은 처음이라 어떤루트를 짜야 할지 모르겠어서 이렇게 도움 청합니다하루만 자다오는거라 호텔은 수영장이있었음 좋겠고(제가 몇군데 알아보긴했는데 w호텔,포시즌스, 이스트호텔,인터컨티넨탈호텔)중 번화가와 이동거리가 가까운곳은 어디가 나은지둘째날은 마카오갔다올수 있는시간이 되는지 친구가 카지노를 한번 다녀오고 싶다고 해서요 ㅜㅠㅜㅋㅋ그리고 둘째날은 체크아웃을 하고 나면 캐리어가 문제인데 이건 어디에 맡겨두는게 좋은지좀 알려주세요1.여행코스2.둘째날 마카오 카지노를 갔다올수 있는지시간이 되는지마카오에서 공항까지 어떡해 가는지3.체크아웃시 여행시간이 12시간정도 남아있는데 캐리어는 어디에 맡길수있는지도와주세요
"
2017-04-12,"
[질문]
					
					두바이여행 질문
					

","
				안녕하세요두바이 관련 문의드릴것이 있어오 질문드립니다.저희가 신혼여행중에 두바이 하루 들렸다가 몰디브로 가는데 이게 스탑오버인것 같은데 캐리어를 찾아야하나여? 혹시 공항내에 캐리어를 맡길곳이 있나요?그리고 저희가 여행사를 통해서 시티투어 및 사막투어를 하는데 시티투어 후 두바이몰에 드랍해준다고 합니다두바이몰에서 에미레이트몰까지 거리가 멀까요? 택시타고 이동시 시간이 궁금합니다..까르푸가서 선물 좀 사려고요답변주시면 감사하겠습니다^^
			"
2017-03-16,"
[질문]
					
					영국여행 숙소
					
15

","
제가 8월달에 영국 런던으로 여행을 갈수있는데요 그래서 지금 런던에 있는 숙소를 구하고있는데 5명이 여행갈건데 3인실에 5명이 자도되나요?
"
2017-02-19,"
[질문]
					
					영국여행 질문이요
					
100

","
				제가 친구들이랑 2주 영국여행을 생각하고 있습니다 근데 영국여행 2주는 조금 길다고 하더라구요 그래서 이탈리아도 가보고 싶은데 영국에서 이탈리아까지 가는게 힘든가요? 자유여행이라 뚜벅이로 다닐꺼거든요 자세히 알려주세요ㅠ 그리고 2주 여행 경비도 알려주세요!
			"
2017-03-11,"
[질문]
					
					동유럽 단기여행경비
					
100

","
				체코,오스트리아를 중심으로 15일정도 여행하려는데 기본으로 하면 경비가 얼마정도 할까요?
			"
2017-04-19T12:16,"
[질문]
					
					혼자 여행하기 좋은 곳
					
25

","
				서울사는 21살입니다입대가 3주정도 남았는데 입대전에 추억좀 만들고 견문도 넓히고 싶어서 한 30-40만원 내외로 4박5일 정도 혼자 지방으로 배낭 여행좀 다녀오려하는데요즐길거리 많고 볼거리 많은 지역 추천좀 해주세요 그리고 숙소같은거는 어떻게해야하나요? 근처 찜질방가서 자면 되나요?
			"
2017-03-26,"
[질문]
					
					♡제주도 2박3일 가족여행(급)♡
					

","
				가족끼리(성인4명)2박3일제주도여행가려고하는데요~4월13일,제주국제공항에오후3시쯤도착예정이구요.첫날일정, 이호테우해변-곽지과물해변-협재해수욕장중에한곳을거쳐갈까하는데어디가좋을까요? 그다음에오설록티뮤지엄을갈거구요. 또그쪽주변(올레길이있을까요??)으로갈만한곳이있을까요??둘째날일정은섭지코지-성산일출봉-우도로갈까하는데괜찮을까요?
			"
2017-04-17,"
[질문]
					
					춘천 가볼만한곳,여행코스,음식등 현지인추천해주세요
					
50

","
날씨가 많이풀려서 춘천 가볼만한곳 여행을할려고 하는데춘천 가볼만한곳 1박2일이나 당일 여행 코스좀 알려주세여춘천분이 춘천 가볼만한곳 추천 해주셨으면 합니다춘천 가볼만한곳 맛집 음식 등등 답변 바랍니다^^..
"
2017-03-23,"
[질문]
					
					일본 여행시 포켓와이파이.
					
5

","
				안녕하세요, 곧 일본여행을 가는데 휴대폰 인터넷 때문에 몇가지 여쭤봅니다. 1. 포켓와이파이가 더 좋은지, 유심칩 교환이 더 좋은지2. 김포공항 내 포켓와이파이 대여 장소가 있는지일본은 처음이라 잘 모릅니다.여행기간은 2박 3일입니다. 블로그 글은 광고글이 너무 많더군요. 포켓와이파이 썼다가 요금 폭탄 맞았다는 뉴스글을 봐서요, 사용법등도 알려주심 감사하겠습니다.
			"
2017-03-24,"
[질문]
					
					일본여행 교통 질문
					
10

","
				일본여행갑니당~~~지금 교통 때문에 고민중인뎅나리타역에서 가마쿠라 갓다가 가마쿠라에서 기치조지 그리고 다시 나리타로 돌아오는 일정이 있는데 보니까 jr선을 이용하더라구요ㅠㅠ 혹시 이것도 저렴하게 구할수 있는 패스권이 있나요???
			"
2017-04-17,"
[질문]
					
					해외여행 환전관련. 말레이시아
					

","
				코타키나발루에 가요. 여행은 첨이라서요. 일단 국내은행은 현지화폐가 없을 확률이 높다는건 알겠어요. 그래서 달러를 조금 가지고 가려하구요. 비자카드(인출+신용)도 가지고 가구요. 명동까지 가기는 힘들구여. 제 계획은 달러 300정도가져가고나머지는 현지atm에서 현지화폐로 뽑아쓸라고 하는데수수료 많이 붙을까요? 많이 인출해야 20만원선일듯. 아 그리고 리조트엔 당연히 atm기 있겠죠?
			"
2017-04-14,"
[질문]
					오사카 3박4일 자유여행 코스 오사카처음..
					
					
50

","
오사카 3박4일 자유여행 코스4/17일 출발 오사카 16:00 도착입니다..Hotel Sunroute Osaka Namba 숙소정했습니다.첫째날 시간이 뭐 해야할지..둘째날이나 셋째날은 교토 일정하긴했는데. 아라시야마 대나무숲>철학의길>은각사>기요즈미데라 이정도면 될까요마지막날도 저녁 8시 비행기라 체크아웃하고 시간이 좀 남는데 갈만한곳 일정 좀 부탁드립니다 .ㅠ주유패스나 이런거도 지금 아무것도 안해놔서 ㅠㅠ 멘붕이네요고수님들 도와주세요
"
2017-04-13,"
[질문]
					
					신혼여행가려는데 신혼여행 추천~
					
50

","
				신혼여행 가려는데 어리로 가야할지 신혼여행지 추천쫌 해주세요
			"
2017-03-08,"
[질문]
					
					미서부 여행
					

","
				미서부여행을 4월 16일부터 4월 24일까지 가고싶은사람입니다. 현재 밴쿠버에 거주중이구요.라스베이거스와 로스앤젤레스를 가고싶구요.그 라스베이거스쪽 대자연들도 보고싶어요. 혼자 여행하는거라 아무것도 모르고 인터넷에찾아봐도 여행사 정보는 잘 안나와있어요 ㅠ1. 시간은 넉넉할까요?2. 투어 비용과 추천해주실만한 한인투어여행사가있다면 알려주세요.3. 라스베이거스와 로스앤젤레스를 꼼꼼히 둘러보고싶어요. 한국으로 돌아가기전에 꼭 가봐야하는곳이 있다면 알려주세요! 저는 너무너무가고싶은데가많은데 이거 다가려면 시간이 모자랄꺼같아서요 ㅠㅠ 해변가는 무조건 가보고 싶습니다.4. 날씨는 어떤가요??5. 미국으로가는 그...eta? 신청해야하나요?도와주세요...
			"
2016-12-27,"
[질문]
					
					학생들끼리 부산여행
					
100

","
				3명이서 부산여행가려고 하는데요 호텔하고 갈곳 추천 좀 해주세요 가격도 알려주시면 감사하구요 ㅠㅠ
			"
2017-03-20,"
[질문]
					
					방콕여행 식비 짜뚜짝시장
					

","
				안녕하세요 4월에 태국 방콕으로 여행가는데요!! 환전을 얼마나 해야할지 감이안와서 ㅠㅠㅠㅠ 일단 질문은1. 하루에 식비가 얼마나 들까요?(비싼거 많이안먹을거고 길거리음식 같은거 많이먹을생각이에요! 혹시 한끼정도 비싸게 먹더라도 하루 식비는 어느정도 일까요 ㅠㅠ 감이안잡혀요)2. 짜뚜짝시장에가서 쇼핑을 하려는데 쇼핑비는 얼마나들까요 .. 우리나라돈으로 5만원정도면 얼만큼의 물건을 살수있을까요?
			"
2017-04-12,"
[질문]
					
					아이들과 3박4일 제주여행일정
					
50

","
				이번 주말 아빠없이 11살 9살 남매를 데리고처음 제주도로 3박4일여행을가게되었어여일요일 12시40분도착 수요일 12시30분출발 입니다차량은 렌트했고 숙소는 아이들과움직이기 힘들까해서성산읍에 위치한 곳에서 연박을해여월욜에 비가온다고해서 실내위주로 다닐생각인데 저두 제주도가 처음이라 일정짜는게 쉽진않네여부탁드려여
			"
2017-04-13,"
[질문]
					
					대마도 자유여행 비용 및 경비 질문
					
20

","
다음달에 1박2일로 대마도여행을 가려고 계획중인데요,대마도 1박2일 자유여행 다녀오는데 비용,경비가 어느정도 들어가나요??2박3일로도 고민중인데 대마도여행 좀 저렴하게 다녀올수 있는방법알려주시고요,숙박,배편이나,항공권 저렴한 여행사 알려주세요
"
2017-03-17,"
[질문]
					
					유럽 여행 추천 국가! (3일간 여행)
					

","
				3일 휴가동안 한 유럽 나라를 가려고 하는데나라 추천해 주세요!!이미 여행갔다 온 헝가리, 크로아티아, 슬로베니아, 슬로바키아, 오스트리아, 스위스, 이탈리아, 스페인은 빼고 추천 부탁드려요!!
			"
2017-03-15,"
[질문]
					
					유럽 여행 9월 출발 항공권
					

","
				유럽 45일 정도 여행을 가는데요9월 중순- 10월 말 계획하고 있습니다!파리 in / 마드리드 out 인데아에로플루트 89만원 정도입니다!경유 시간도 다 적절하고 마드리드 치고 저렴한 편이라고 들었는데아직 반년 남은 시점에서 이게 저렴한건지 궁금합니다!얼리버드가 더 뜰까요? 아니면 그냥 이정도 가격에 만족하고 결제를 해야될까요?
			"
2017-03-14,"
[질문]
					
					강릉여행 ! 여행코스 추천해주세요~
					
100

","
20대 후반 여성입니다요번에 처음으로 혼자여행 계획하고 있는데요,인터넷으로 여행지 정보 찾아보고는 있는데,처음 혼자 계획하는거라 막막하네요..제 여행 컨셉은..조용하고 한적한 바다,예쁘고 전망좋은 카페,마지막은 밤에 별이 보고싶어요~~!별은 아무래도 밤에 보는거라숙소랑 가까웠으면 좋겠는데,강릉에서 별도 잘보이면서 하루 묵기 좋은 곳 있으면추천 부탁드려요~~!여행고수님들, 강릉 여행다녀오신 분들조언 부탁드립니다~~^^
"
2017-03-17,"
[질문]
					
					캄보디아 씨엠립 3박4일자유여행
					
50

","
				이번에 씨엠립으로 3박4일 자유여행을 가려고항공편을 예매했는데요목요일 저녁출발해서 거기도착하면12시가좀넘더라구요그리고 일요일 12시 비행긴데..출발이 늦다보니 디게 짧게느껴지네요.씨엠립은 밤에 나다녀도안전한가요..?그리고 자유여행 팁도좀 알려주세요
			"
2017-01-01,"
[질문]
					
					친구와 부산 여행코스!
					
50

","
				다음주에 1박2일로 친구와 부산여행을 가려고 합니다. 점심쯤 부산에 도착할듯싶고 다음날 8시 기차입니다! 가서 할것 추천좀요! 저녁엔 남포에 가려고 합니당 여행코스 추천 부탁드려요♡그리고 부산시티투어버스가 있다고 들었는데 그걸타고 여행하는건 어떨지 의견부탁드립니다~
			"
2017-03-27,"
[질문]
					
					미국 서부여행 2주일정
					
20

","
				미국서부 여행 일정을 정하려고하는데 먼저 먼저 인천에서 경유해서 LA도착해서 도착하고나서 그뒤의 일정을 어떻게 정해야될지 몰라서ㅠㅠ샌프란시스코랑 라스베가스도 가보려고하는데 운전을 못해서 렌트도 할수없어서 그러는데 어떻게 짜야될지 좀 도와주세요ㅠ
			"
2017-01-04,"
[질문]
					
					부산여행코스
					
75

","
				제가 부산에서 죽성성당,바람의언덕,흰여울문화마을,마켓엠,find샵 5곳을 여행코스에 집어넣을건데 버스를 타고갈거여서 터미널에서 내리면 제일 가까운곳부터 갈려고 하는데 무슨순서대로 가면좋아요?ex)예를들어 바람의언덕이 제일첫빠면 그다음은 바람의언덕에서 제일가까운곳! 이렇게 짜주세요ㅠ
			"
2017-04-14,"
[질문]
					
					일본여행 시 차별…
					

","
				일본여행할 때 차별받는다는 건 어떻게 알 수 있을까요?그게 차별인지… 일본인들 성격이 원래 그런건지 알 수 없는 경우가 종종 있는데… 어쩐지 매우 불쾌감이 느껴지는 때가 있습니다… 홋카이도 혼슈 시고쿠 큐슈… 등 지역별로 반한감정에 차이가 있나요?
			"
2017-04-13,"
[질문]
					
					수학여행..(빨리 답변해주세요)
					
100

","
				안녕하세요..전 초6학년 한 여자아이인데요..제가 작년 9월15일날에 초경을 했어요(참고로 양도 많고 오래함) 아무래도 초경이라서 주기가 엉망진창이라 10.11월달 건너뛰고 12월 22일날 시작해서 26일에 끝났어요 그땐 양이 적어서 그나마 빨리 끝났고 1월달에 19일날 시작햐서 27일에 끝났고 2월달에는 건너뛰었고 3월달에는 1일날 시작해서 8일날 끝났고 4월달에는 11일날 하고 지금 하는중이에요..근데 수학여행을 6.14~6.16일까지 가는데 이날에 생리할 가능성좀 알려주세요..제가 애들 몰래 하는거라서 저 생리하는지 아무도 모르고..진짜 친구들한테 들키기 싫거든요...피임약 또는 탐폰?둘중에 하나를 할려했는데 엄마가 너무 어리다고 하지말래요..제발 내용 잘 읽어주시고 수학여행때 생리할 확률 알려주세요.! 내공 100걸고 최대한 빨리 부탁해요~!
			"
2017-04-15,"
[질문]
					
					지식인 답변보고 문의드려요~ 마이애미 여행예정인데 비행환승시간때문에 의견들어려구요
					

","
				지식인 답변보고 문의드려요~ 마이애미 여행예정인데 비행환승시간때문에 의견들어려구요갈때 디트로이트에서 애틀란타 환승시간이 40분올때 디트로이트에서 인천으로 환승시간이 50여분너무 짧은것 같아서요ㅜㅜ 무리없을까요??
"
2017-04-16,"
[질문]
					
					일본 여행
					
100

","
제가 해외여행을 처음가보는데요...일본으로 여행갈려고하는데비행기 티켓 싸게 구매하는법 좀 알려주세요,,,
"
2017-04-18T21:27,"
[질문]
					
					수학여행에 관하여
					
50

","
				내일이 수학여행이라 내일 아침까지 빠른 답변 부탁드려요1) 필기도구는 필통만 가져가도 되겠죠?2) 보조가방은 가져가는게 좋을까요?3) 이 외에 충고해줄실것 충고해주세요
			"
2017-03-02,"
[질문]
					
					6월이나 7월 영국 여행
					
70

","
제가 친구랑 6월쯤에 영국으로 14일정도 여행을 가려고 하는데 여행 비용이 궁금합니다비행기값이나, 최소한 필요한 비용좀 알려주세요
"
2017-04-14,"
[질문]
					7월 일본여행
					
					

","
				제가 처음으로 7월달에 해외(일본)여행을 갈려고 생각중입니다5명에서 가는데 여행사를 통해서 가는게 좋을가요?아니면 제가 따로 비행기표 구하고 호텔을 잡는게 괜찮을가요??
			"
2017-04-13,"
[질문]
					
					바다낚시여행 가려고 합니다.
					
50

","
				바다 낚시 여행을 가려고 합니다.인원은 3명으로아버지는 원투 낚시 경험이 다소 있으시지만 사정상 낚시를 한동안 쉬셨습니다.저를 포함한 나머지 둘은 낚시에 대해 거의 모르구요,이런 상황에서 아버지를 모시고 낚시를 주제로 짧게나마 여행을 다녀오고 싶은데,바다 낚시 여행이라고 검색해봐도 업체나 해외, 특정지역이 뜨더라구요.여행을 가려고 하는데아버지가 즐길 수 있으실 바다 낚시, 혹은 선상 낚시가 코스로 포함되고 저녁이나 이럴 때 간단히 고기나 구워먹을 수 있는 여행을 짜려면 어떻게 해야할까요?사이트에 검색해보면 펜션이나 이런 건 뜨는데 바다 낚시 관련해서 찾다보니 검색이 어렵네요.조언 부탁드리겠습니다.
			"
2017-03-26,"
[질문]
					
					푸켓가족여행
					

","
				안녕하세요10월20일 이후에 가려고 합니다성인2. 7세6세4세 아들3명하고요^^경비가 어는정도나 들까요 가족여행입니다
			"
2017-04-17,"
[질문]
					
					LA, 샌프란시스코, 라스베가스, 시애틀 여행
					
55

","
인천 -> 샌프란시스코 -> LA -> 라스베가스 -> 시애틀 -> 인천위 일정으로 여행하려고 하는데14일 일정으로 가능할지요. 아니면 시애틀은 뺄 생각도 있거든요(경유지라 가는김에 들릴 생각이였음)샌프란시스코 3일 - 1번국도 따라 LA로 이동 후 3일 -> 비행기로 라스베가스 이동 후 5일 -> 시애틀 3일여행을 막 아침부터 밤까지 빡세게 다닐 생각은 없습니다...여유있게 보고싶은 곳만 보면서 다니고 싶은데 가능할지... 고수님들의 의견 여쭙니다.
"
2017-03-07,"
[질문]
					
					일본여행 질문
					
50

","
이번에 동생이랑 일본여행을 5박6일동안 가게되었는데 해외여행은 처음이라 질문드립니다.여행사를 안끼고 가고싶어요1.비행기예매는 어디서 하는건가요?2.숙박정보는 어디서 구하는게 좋을까요?3.일본 여행 정보는 어디서 구하는게 좋을까요?4.일본내에서 교통은 기차같은거를 타면 되는건가요?
"
2017-03-21,"
[질문]
					
					미국 자유여행
					

","
				미국에서 한달이나 두달정도 있으면서 자유여행하면 비행기값과 여행비,숙박비는 어느 정도 돼는지 알려주세요.*욕설 신고
			"
2017-04-11,"
[질문]
					
					15개월 아기랑 가족 여행 갈려고 합니다
					
10

","
안녕하세요4월 27일 2시 도착4월 29일 17시 10분 비행기를 타야 합니다그런데 여행 코스짜기가 너무나 힘드네요 ㅠㅠ15개월 아기와 가족 첫 여행인데저희 집사람은 제주도 여행이 처음이고아기랑 재밌게 갔다올려고 합니다여행코스 좀 짜주시면 진짜 감사 하겠습니다부탁드립니다제 메일 주소는 hsgood68@naver.com입니다아님 답변도 괜찮습니다부탁드릴게요 ^^*
"
2017-03-19,"
[질문]
					
					해외여행 체크카드 추천
					
50

","
				다음달에 해외여행을 약 25일정도 갈 예정인데 해외에서 혜택 괜찮은 체크카드 좀 추천 해주세요.
			"
2017-04-12,"
[질문]
					
					경기 국내버스 여행 전세버스 가격 요금
					

","
				경기 국내버스 여행 전세버스 가격 요금 어디서 알아보나요?경기 지역 출발해서 인근 지역의 산행과 먹거리 등 회사 단합대회 가려고하는데 경기 국내버스 여행 가격 요금 알아보기가 힘들어요.전화 문의하면 아무래도 버스차량도 보지 않은 상태에서 빌리기도 좀 그렇고,회사에서 준비하는 거다보니 짜여진 예산이 있는데 예산 맞춰서전세버스 가격 요금 견적 받아서 국내버스 여행 준비하기가 만만찮네요.가능하다면 여러 업체한테 비교 견적 받아보고 싶은데경기 지역 국내버스 여행 가능한 전세버스 대절해주는 곳가격 요금 저렴하고, 비교 견적 받을 수 있는 곳 알려주세요.
			"
2017-04-19T00:19,"
[질문]
					
					패키지여행중 따로 다닐수있나여?
					
100

","
친구한테 들은건데 패키지여행을 가서 4박5일로간다치면 비행기타고 도착후 가이드에게 저희는따로 여행하겠습니다 라는것이 가능한가요? 돌아가는비행기, 숙소는 그대로냅두고 자유로 돌아다니는것이 가능한건가요? 법적인 책임을 물어야하나요
"
2017-03-19,"
[질문]
					
					중2 서울여행 내공 100
					
100

","
				저는 지금중학생 2학년이고 이번 여름 방학에 친구와 서울여행을 가려고 합니다. 처음엔 장난식이였지만 진지한 이야기가 되어서 질문을 합니다.제가 살고있는곳은 울산 북구이고 ktx를 타고 2박3일 정도로 간단하게 스케줄을 잡아봤습니다.Q1서울가서 맛있는 것 먹고 편안하게 자고 잘 놀다 오려면 돈이 얼마정도 필요할까요?Q2KTX 가격 좀 알려주세요 울산ㅡ서울Q3중학교2학년 남자 둘이서 놀만한 곳,편안하게 잘 수 있는곳,맛있게 먹을수 있는 곳 추천부탁합니다.Q4한명당 30만원씩 총 60만원이면 위에 적혀있는대로 여행 가능한가요?
			"
2017-04-16,"
[질문]
					
					4월 수학여행 코디
					
50

","
				중2남자인데요 165에 50정도 이고 20일에 서울로 수학여행을가는데 맨투맨에 면바지입고 가면 될까요  코디추천부탁드려요
			"
2017-03-16,"
[질문]
					
					서울 여행 코스 질문
					
60

","
				4월말에 남자 다섯명이서 서울 여행을 가게됬는데 어디로 가야할지 잘 모르겠네요코스를 어떻게 짜면 알차게 보낼 수 있을까요??1박2일 숙박업소도 찾아야 하는데 정보 주시면 감사하겠습니다!
"
2017-04-09,"
[질문]
					
					4월 제주도 여행코스 문의
					
100

","
4월 중순에 2박3일로 가족여행을 생각 중입니다.24개월 딸아이와 애기아빠랑 세가족이 여행갈 예정인데코스를 문의하고 싶네요목요일 점심 비행기로 4시반에 도착해서토요일 8시 비행기로 돌아갈 예정입니다.숙소는 제주시 외동에 있는 그라벨 호텔에 묵을 예정입니다.빠듯하게 다녀오나 많은 곳을 돌아보고 싶은데 일정짜기가 넘 힘드네요 ㅠㅠ도와주세요~~~




"
2017-04-06,"
[질문]
					
					400으로 유럽여행
					
100

","
				파리(in) - 로마(out)으로 유럽 한달여행하려고 합니다.6/7-7/4항공권은 미리 알아봐서 얼추 80만원정도 나옵니다.프랑스-벨기에-룩셈부르크-네덜란드-이탈리아순으로 여행가려고합니다.사실 중간에 스위스와 독일이 있었지만, 여건 상 제외했습니다.1. 원래 - 글로벌패스 유레일패스 이용하려고 했는데 유럽여행 다녀 온 친구 말로는 이게 오히려 돈이 더 많이 든다고 하더라고요. 저가항공이나 각 나라 1일 교통권을 이용하는 게 나을까요? 유레일패스를 이용하는 게 나을까요?저는 한 나라에 일주일에서 열흘 정도 머물면서 여유롭고 느긋하게 걸으면서 배낭여행 할 예정입니다.2. 수중에 돈이 400밖에 되지 않는데 괜찮을까요?3. 음식에 크게 욕심은 없습니다. 하지만 특성상 카페나 오래 머물면서 글을 쓸 수 있는 곳에 하루에 한 번은 가야할 것 같습니다. 괜찮을까요?4. 휴학생이지만 학생증이 있습니다. 많은 도움이 될까요?5. 엑티비티한 걸 좋아합니다. 사실 스위스에 가고 싶었던 이유가 다양한 경험을 하고 싶어서였는데 물가도 비싸고 금전적인 여유가 없어 포기했급니다.제가 방문하고자하는 나라에서 저렴한 값에 놀이공원이나 엑티비티한 경험을 할 수 있을까요?감사합니다.
			"
2017-04-18,"
[질문]
					
					이번 여름에 5일동안 혼자 여행을 할려고 하는데요
					
70

","
				이번여름 휴가 5일동안 혼자 여행을 해보려고하는데 참고로 여자고 많이 두려움느끼는사람중 한명입니다 ㅠㅠ영어도 잘하지도 못하고 아직 외국도 한번도 못나가봐서 가고는싶지먼 엄두를 못내고 있습니다 ㅠㅠ일본은 방사능때문에 걱정이라 나중에 갈생각이구요 혼자 처음 여행인데 어딜 가면 좋을까요?!금액은 한 오십만원선으로 생각하고 잇습니다 !좋은답변 기다릴게용
			"
2017-01-19,"
[질문]
					
					가족체험학습(효도여행) 보고서 질문이요!!
					

","
				저희학교가 2월 1일에 개학합니다! 봄방학은 8일이구요.그런데 해외여행을 6일부터 9일까지 가게되었어요..그래서 학교에서 효도여행? 그걸로 여행을 가려고합니다. 질문 1. 제가 여행을 다녀온뒤에는 방학을 한 뒤라서 보고서 제출을 못하는 상황이잖아요 ㅜㅜ 그래서 저는 학교를 3월 2일 개학식때 가야하는데 그땐 담임쌤도 바뀌시고 학년도 달라진상태일텐데 보고서는 언제제출해야하나요..?질문 2. 저희 학교에서는 가족체험학습이라고 안하고 효도여행이라고 부르던데 효도여행이 가족체험학습이랑 같나요? 그럼 이 여행은1년에 몇일까지 쉴수있나요? 제가올해 2일을 썼거든요..질문 3. 효도여행은 여행가기전 신청을 언제까지 해야하나요? ☆제일중요한건 (질문 1번. 보고서를 언제까지 제출하는지)입니다!☆
			"
2017-04-07,"
[질문]
					
					여행 취소 환불 문의
					
30

","
5월 6일 출발 여행이구요결제는 전액 3월 말 쯤 했습니다. 총 금액 1인 65만 정도였구요.오늘 취소하려고 보니 20일 이내 취소시 30만원 위약금이 있다고 써져있는데요.보통 30일 이내 100%환불 20일 이내 몇% 환불 이런식 아닌가요?부당한 계약인건지, 아니면 30만원(대략 50%의 금액)을 손해보고 취소해야 하는건지요?
"
2017-04-16,"
[질문]
					
					몽골 여행
					

","
				몽골 여행가기 좋은 월은 언제인가요?
			"
2017-04-07,"
[질문]
					
					월드벤쳐스 여행 어디서 알아보죠?
					
50

","
제가 월드벤쳐스를 검색해보고 여기저기 알아봤는데요여행도 자주다니면서 월드벤쳐스를 이용하면여행비용도 저렴하다고 하더라구요그래서 월드벤쳐스를 시작해보려고 고민중인데여행은 두번 가봤고 따로 아는게 없어서월드벤쳐스에 대해 자세히 알고 시작하고 싶은데어디서 알아봐야 하는지 좀 알려주세요!
"
2017-04-14,"
[질문]
					
					보라카이여행
					
100

","
				이번에 보라카이 여행 패키지로가게됫는데요.인솔자는없고 현지가이드만 잇는상태인데 제가 영어를 아예 못하는수준이라..걱정이네요 입국심사할때 뭐적거나 물어보는거 잇다고 들었는데 걱정이라서요.. 알려주세요.그리고 환전은 얼마나 해야할까요? 먹는거랑 뭐여러가지 할려면요 패키지상품에 잇는선택관광은 비싼거같기도하고... 알려주세요
			"
2017-04-12,"
[질문]
					
					제주도2박3일 여행 일정 도와주세요
					
15

","
				7개월아기랑내일제주도여행가는데정신이없어일정을도저히못잡겠네요ㅠ13일 3시 제주도착 루스톤호텔숙박(애월)14일 히든클리프숙박(서귀포)15일 저녁8시 출발아기가있어서 우도는안가려구요아쿠아리움이랑 카멜리아힐은 꼭가고싶어요맛집도같이추천부탁드려요ㅜ
			"
2017-03-12,"
[질문]
					
					여행가려는곳 추천
					
100

","
				5월초에 전주에있는애랑 저 서울사는데 여행가려고 하거든요 근데 한명쪽으로만 가는건 너무 그래서 가운데까진아니여도 서로 어느정도 비슷하게 떨어진곳에 놀러갈만한곳 없을까요 2박3일로
			"
2017-04-12,"
[질문]
					
					제주도 2박3일 여행코스 문의드립니다.
					
100

","
				20대 성인남녀2명이서 제주도로 18일2시경부터 20일까지 2박3일간자유여행으로 다녀올건데요. 처음가는제주도라 설레기도하고 낯설기도하네요. 2박3일코스를 알려주시면감사하겠습니다. 코스중간에 맛집도함께 추천해주세요! 복사답변, 성의없는답변은 정중히 거절하겠습니다.
			"
2017-04-13,"
[질문]
					
					부산여행팁
					
100

","
				감천문화마을 - 부산 사하구 감내2로 203 감천문화마을안내센터태종대 - 부산광역시 영도구 전망로 316미포철 길 - 부산 해운대구 달맞이길62번길 13 건널목관리소광안리< - 부산광역시 수영구 광안해변로 219남포동(자갈치시장) - 부산광역시 중구 자갈치해안로 52 자갈치시장초량 이바구길 - 부산 동구 초량상로 49삼락공원(대저 생태공원) - 부산 강서구 대저1동 2314-11해동용궁사 - 부산광역시 기장군 기장읍 용궁길 86 해동용궁사기장 죽성성당 - 부산 기장군 기장읍 죽성리 134-7부산 쌍둥이돼지국밥 - 부산 남구 유엔평화로 35-1갈곳들은 이정도 되는데 어떻게 다녀야 유용할까요 도와주세요 1박2일여행입니다p.s부산역 am:9시30분도착 - pm:8시 30분 열차로 다음날떠납니다/ 잠은 광안리 근처에서 잘생각입니다.
			"
2017-02-24,"
[질문]
					
					세부 자유여행
					

","
안녕하세요 23살 남자 인데요아는형이랑 세부 3박4일 여행을갈려고 합니다해외여행이 처음이라 걱정이 많이 되는데여하나하나 챙길게 너무 많아서 좀 알려주세여1.세부가는데 정말 필수로 가져가야되는거2. 숙박은 예약하는거랑 현지에 가서 잡는거랑 가격 차이와 공항,해변가까운 야시장문화를 느낄수있는곳으로 추천좀 해주세여3.어떤걸 조심해야하는지.4.하루에 식비가 얼마나드는지5.가서 어떤걸하는게 좋을지6.레져 활동 무엇이잇는지와 가격등등 추천좀 해주세요...너무 어려워요..마사지도 받고싶고 해변에서 놀고싶고 숙소안에 수영장에서도 놀구 싶구 밤문화도 느껴보고 싶고 레져활동도 해보고 싶은데 답이 안나와여ㅣ..ㅠㅠ 도와주세여
"
2017-04-06,"
[질문]
					
					속초여행코스 부탁해요~
					

","
친구들이랑 속초여행을 가기로했는데요 ㅎㅎㅎ여행을 많이 안다녀봐서요 속초여행코스 어떻게 일정을 짜야할지..숙소랑 먹거리(맛집) 등 알고 싶은데 자세하게 설명좀 해주세요~바다가 보이는 전망 좋은 숙소.. 아니면 정말 맛이 기똥찬 맛집속초여행코스 잘 부탁드려요!!!!!
"
2017-04-17,"
[질문]
					
					10월달 가족여행으로 일본 어디가 좋을까요?
					

","
				엄마랑 동생이랑 10월달에 2박3일 혹은 3박4일로 일본여행을 가려고하는데 저는 오사카를 안가봤지만 엄마랑 동생이 오사카를 작년에 다녀와서 이번엔 다른 여행지를 가려고합니다 어디로 가는게 좋을까요? (개인적으로 도쿄를 생각하고있었는데 주변에서 도쿄는 어차피 도시라 할것도 없고 차라리 후쿠오카를 가라고 하긴하더라구요)
			"
2017-03-18,"
[질문]
					
					동유럽여행
					

","
				동유럽 모든나라를 다 돌고싶어요(비엔나포함해서 서유럽쪽은 다 돌았음)현재 계획으로는 모스크바>상트페테르부르크>탈린>리가>빌니우스>민스크>키예프>키시나우>부쿠레슈티>소피아>베오그라드>코시체>바르샤바>베를린>프라하>잘츠부르크>류블라나>자그레브>사라예보>포드고리챠>프리슈티나>스코페>티라냐>아테네>산토리니>크레타>아테네>이스탄불 순으로 돌려구요1. 치안많이안좋나요? 전 혼자다니는걸 좋아해서요2. 동유럽 각 나라 수도만 적어놨는데 꼭 가봐야할 아름다운 도시나 관광지가 있나요?3.여행하는데 각 도시별 체류기간 추천좀해주세요모스크바4일 상트3일 이런식으로요4. 영어 잘 통하나요?5. 동유럽다수국가들에서 비자&마스터카드, 유로나달러통용되나요?
			"
2017-04-14,"
[질문]
					
					일본 도쿄여행을 가는데 jr패스 질무드려요
					
100

","
3인으로 도쿄여행을 가는데도쿄 디즈니 아키하바라 시부야 를 메인으로 돌아다닐 예정인데도쿄 jr 패스를 구매하면 되는건가요??상세한 설명 부탁드립니다
"
2017-04-02,"
[질문]
					
					푸켓 여행을 7박 9일동안 하는데
					
10

","
				지식인 뎃글보고 질문드려요ㅎㅎ태국 여행을 7박 9일동안 하는데방콕.치앙마이 와 방콕.푸켓 둘중 어느곳이 더 좋을까요
			"
2017-02-21,"
[질문]
					
					채무 있을 시 해외여행
					
100

","
				저희 어머니가 보증을 잘못 서서빚이 있는데요 작년 여름쯤에 법원에서출석하라고 해서 다녀오셨거든요갚을 능력이 안돼서 당장 못 갚는다고 하셨고요판사가 만약 거짓일 경우 처벌 받을 수 있다하고넘어갔나봐요 그리고 세금 밀린 것도 1000만원 정도있는걸로 알고있는데요가족끼리 해외여행 갈 수있을까요??해외여행 갔다올 시 불이익 있을까요?여행비는 아들인 제가 다 낼거거든요가능할까요??정확한 답변 부탁드립니다!!
			"
2017-04-17,"
[질문]
					
					수학여행 2일전에 생리해요
					
50

","
				제가 오늘 생리가 시작되었어요ㅠㅠㅠ2일 이틀뒤면 수학여행인데 어떻하죠? 5시간 걸리는데 몇갤 챙겨야하나요? 쌤은 남자이고, 여자애들은 그때 하면어떻게하나...싶었는데....제가 시작했어요ㅠㅠ어떻하죠? 알려주세요!!
			"
2017-03-26,"
[질문]
					
					미서부여행 질문드립니다
					

","
				7월 초에 어머니와 함께 라스베가스와 로스엔젤레스 여행을 5박 6일이나 6박 7일로 계획중입니다.라스베가스에서는 호텔투어와 그랜드캐년로스엔젤레스에서는 그리피스천문대, 게티센터, 산타바바라, 그로브몰, 유니버셜스튜디오, 헐리우드거리를 볼 생각입니다.항공권은 아직 발권전인데 싱가폴항공 기준으로 왕복직항이 90만원정도이고라스베가스 in 로스엔젤레스 out이나 로스엔젤레스 in 라스베가스 out 대한항공 직항은 117만원정도이구요.이 정도면 항공권 가격이 적당한건지 가격이 좀 비싼건지 궁금합니다.그리고 항공권에 따라 일정이나 교통편을 어떻게 짜야하는게 적절할 지 조언부탁드립니다
			"
2017-04-11,"
[질문]
					
					제주도3박4일여행코스
					
10

","
				총 3박4일 5월3일 3시 20분출발 넉넉잡아 렌트 6시예약첫날숙소 공항근처 화이트하우스 5월3일 1박하고4일5일 한림읍 쉼127 펜션에서 2박묵고 6일 밤9시20분비행기입니다.첫날은 도착시간이 4시반 이동하고 뭐하면 대략 6시정도 될것같아서 바로숙소로갈예정입니다.3박4일 숙소위주로 여행코스 추천부탁드립니다.참고로 성인2 에 초등생1학년 남자아이가 있습니다.
			"
2017-04-12,"
[질문]
					
					혼자 여행가기 좋은 섬
					
100

","
혼자 여행하기 좋은 섬어디있을까요?금전적으로 최소한으로 숙박이며 음식도 저렴한곳이였음 좋겟어요30대 중반 남성입니다 이런 저런 일이 있어서 요양겸 좋은 곳 추천 부탁드립니다내공 드립니다
"
2017-04-14,"
[질문]
					
					엄마랑 해외여행
					
45

","
				어머니가 위암수술을 하셔서 음식을 가려서 드셔야합니다날것은 절대 안되고너무 짜거나 달거나 튀긴 음식도 좀 가려야하는데어디로 여행을 가야할지 고민입니다일단 싱가포르를 제일 고민중이고어머니가 라오스 가고싶다고 하셔서태국 라오스 생각해보고 있습니다주변에서 베트남도 추천하기에다낭 하롱베이 이쪽도 괜찮나 찾아보고 있구요5월말에 1주일정도 다녀올생각입니다엄마랑 저랑 둘만 다녀오려구요ㅎㅎ추천부탁드립니다
			"
2017-04-06,"
[질문]
					
					괌자유여행 호텔예약 좀 봐주세요~~
					

","
				5월18일 목욜 부산서 출발하는 밤비행기 타서 괌으로 출발~!그리고 괌에서 새벽 4시에 출발해서 5월22일 월욜 아침 에돌아오는 일정 잡고있어요~~근데 호텔을 어떻게 몇박을 잡아야할지 모르겠어요ㅠㅠ아기가 있어 왠만하면 한 호텔에 있는게 편할듯하구..근데 돈이 은근 많이 들데요~~ㅋㅋ3박5일 일정인데호텔예약은 몇일부터 몇일까지 하는게 좋을까요?여행고수님들 조언 부탁드려요~~^^
			"
2017-04-08,"
[질문]
					
					혼자일본여행숙소질문
					
55

","
				해외여행도처음이고 일본도 처음인 20살 남자입니다. 올해 4박5일정도? 도쿄로 일본여행을가려고하는데 처음이다보니 막막하네요. 질문몇가지드릴게욤1.비행기 예약및 타는방법좀 가르쳐주세요..ㅠㅠ아무것도몰라요  2. 숙소도 예약해야하잖아요? 캡슐호텔이 싼거같아서 생각중인데 괜찮은 예약사이트알려주세요. 공항에내려선 어떻게찾아가죠? 걱정이네요3. 먹는것과 기념품 (옷같은거) 많이살건데 도쿄의괜찮은곳 추천부탁드립니다. 한군데잡고 제대로 돌아다녀볼예정입니다.
			"
2017-03-05,"
[질문]
					
					푸켓자유여행질문입니다.
					
100

","
				#푸켓 #태국 #자유여행 #푸켓자유여행 #태국자유여행 #동남아 #빠통비치 #빠통 안녕하세요 , 일단 여행사 업체 여행사 직원 현지인 업체 현지 가이드 답변 사절 입니다. 당신들의 뻥튀기및 등쳐먹는 행위 및 가이드의 눈치와 개같은 표정 보기도 싫으니 답변 하지 마십시오. 푸켓으로 여행 다녀오신 분 들답변기다리고 내공 드릴게요.자유여행으로 성인2 태국 푸켓 준비중 인데요. 태국 자유 여행 코스와 이동 방법 그리고 거리좀 알려주시면 감사드립니다. O빠통 비치 주변 리조트 지리적 여건도 부탁드립니다 여행 주 목적은 휴양 및 야시장 나이트 투어 목적입니다. 그리고 1인당 비용도 알려주세요 그외의 팁이나 정보 알려주시면 매우매리 감사드려요
			"
2017-03-13,"
[질문]
					
					배트남 캄보디아 여행 준비물
					

","
				친정부모님과 초5ㆍ3아이둘3월말경 패키지 여행을갑니다여행에 필요한 준비물?! 과 복장에 대해서 조언좀부탁드릴께요~~ 필요경비는 어느정도선인지도요특별히 조심해야될것들두요 ^^;;;신랑없이 애둘에 칠순이신 부모님 모시고 가는거라 걱정이 앞서네요
			"
2017-04-18T18:45,"
[질문]
					
					거제도 1박2일여행
					
90

","
				거제도여행을가려는데요~~~가족여행~~~1박2일로가려는데첫날 : 광주출발 - 점심 - 외도 - 바람의언덕 - 저녁 - 대명리조트둘째날: 아침- 저구항에서소매물도 - 점심 - 집이렇게 가려는데 더좋은코스있으면추천부탁드려요 ^^맛집도추천해주세요~~~
"
2017-04-08,"
[질문]
					
					홍콩여행 관련
					
30

","
				올해 여름휴가때 홍콩여행 가려고 생각중이거든요, 집에 홍콩여행책이 있어서 그것도 참고하려고 보니까 2005년에 나온 책이예요. 저자가 2년동안 홍콩에서 살면서 쓴 건데요, 지금 홍콩 모습이랑 많이 차이가 날까요?? 인터넷으로 검색하는게 편하지만 워낙 포스팅이 많아서 오히려 정리가 안되네요
			"
2017-04-09,"
[질문]
					
					유럽 장기간 자유여행
					
55

","
				조금씩 준비하고 있고 내년에 갈 생각인데요, 한 80~90일 정도 생각하고 있어요. 경비로는 비행기 포함 천만원 생각하고 있는데 넉넉할까요? 개인적으로 런던 in 생각하고 있어요. 여자 혼자서 장기간 여행 하신분 있으면 조언같은것좀 해주세요.
			"
2017-02-20,"
[질문]
					
					세부 자유여행 질문
					

","
				올3월초 태교여행을 세부로 가려고합니다 4살여아랑 임신중인 와이프와 첫해외여행이라 어떻게 일정을 준비해야할지 몰라서 이렇게 지식인에 올려보내요 잘아시는분 많은 조언부탁드려요~~^^ 먼저1박을 모벤픽리조트에서하고 4박을제이파크에서하려고 예약을했는데요 리조트간 택시이용법 비용 거리및시간 모벤픽 근처 맛집및 마사지 이용방법을 알고싶습니다.ㅎ 제이파크 근처 가까운이동거리 맛사지삽추전 주변볼거리. 맛집도 알고싶구~ 리조트안 행사및 놀거리가알고싶어요 일정은2월27 모벤픽~28일부터3월3일까지 제이파크에서 머물예정입니다 ㅎ 너무 두서없이 올렸네요~잘부탁드려요
			"
2017-03-10,"
[질문]
					
					서울여행 싸게하는법
					

","
				서울여행 싸게하는법
			"
2017-03-08,"
[질문]
					
					강원권 수학여행
					
50

","
제가 이번에 6학년이 됐는데 반 회장이고 우리 반 쌤이 부장선생님이셔서 저희 반이 우리 학년 수학여행 코스를 결정하게 됐어요. 6월초에 가고요, 총 6반입니다. 일단 애들 투표로 강원권에 가는건 결정됐는데 그에대한 조사를 해야 되서 강원권에 좀 가볼만한곳 있으면추천해주세요. 일단은 숙소는 상관없고요, 경비는 너무 비싸지 않게 부탁드려요(막 한우 먹고 그런거 안됩니다).p.s: 내공냠냠 신고합니다
"
2017-04-13,"
[질문]
					
					거제도 1박2일 여행코스 좀 짜주세요..
					

","
				1박2일로 여행갈라고합니다 가족이랑갈라고합니다 (자동차믐 없읍니다) 대중교통이용할것고요거제도 1박2일 여행코스 좀 짜주세요..5월달 갈예정입니다숙박도 추천해주요전 부산에 살고이고요
			"
2017-03-03,"
[질문]
					
					동남아여행 경비
					
50

","
				2018년1월 태국 이나 필리핀 여행 계획중인데요좀 부족함 없이 여행하려 합니다 5박 6일 정도 계획 중이고요 1....태국여행 비용!!2....필리핀여행 비용!!3....둘중에 추천하는 곳과 이유!!
			"
2017-03-23,"
[질문]
					
					JR Rail/ SANQ Pass 5박6일 큐슈 여행 / 야쿠시마
					

","
				안녕하세요,짧은시간에 여행 계획을 하려니 걱정이 많아졌습니다산큐패스랑 JR 레일패스 차이는 버스 vs 전철 이져?계획은 후쿠오카 시내, 벳부, 유후인 꼭 들리고 싶고 이즈부키 - 야쿠시마(1박) vs 나가사키 갈가 아직 미정입니다..... JR레일패스랑 산큐패스 중에 어떤걸 구매하는게 좋을까요?야쿠시마는 하루만 다녀와도 될까요? 들어가는 훼리는 현장에서만 구매 가능한건가요? 포기하는게 좋을까요? 대신 갈만한 여행지 추천해주세요.도와주세요!
"
